{
"type": "FeatureCollection",
"name": "tacubaya_streets_weighted",
"crs": { "type": "name", "properties": { "name": "urn:ogc:def:crs:OGC:1.3:CRS84" } },
"features": [
{ "type": "Feature", "properties": { "id": 322077609, "nom_obj": "Vialidad", "nom_geo": "General Pedro Hinojosa", "nom_cono": "N/D", "term_gen": "Calle", "clase_geo": "Servicios e instalaciones", "calif_pos": "Definida", "codigo": 3164.0, "School_count": 0, "schoolscount": 0, "crime_count": 28 }, "geometry": { "type": "MultiLineString", "coordinates": [ [ [ -99.198566349999965, 19.40836510000004 ], [ -99.198578449999957, 19.408083650000041 ], [ -99.198554, 19.40798975000007 ], [ -99.198533149999946, 19.407953050000064 ], [ -99.198527199999944, 19.407311100000065 ], [ -99.198526849999951, 19.407276850000095 ], [ -99.198504749999984, 19.406635100000116 ], [ -99.198503149999965, 19.406588300000045 ], [ -99.198480449999977, 19.406094 ], [ -99.19847169999997, 19.405954250000029 ], [ -99.198430749999943, 19.405299 ] ] ] } },
{ "type": "Feature", "properties": { "id": 340854325, "nom_obj": "Vialidad", "nom_geo": "Constituyentes", "nom_cono": "N/D", "term_gen": "Avenida", "clase_geo": "Servicios e instalaciones", "calif_pos": "Definida", "codigo": 3144.0, "School_count": 0, "schoolscount": 0, "crime_count": 13 }, "geometry": { "type": "MultiLineString", "coordinates": [ [ [ -99.1938262, 19.410845400000035 ], [ -99.193885, 19.410740150000056 ], [ -99.194941399999948, 19.410156 ], [ -99.195581499999946, 19.409802350000028 ], [ -99.195752149999976, 19.409727500000038 ], [ -99.195979149999971, 19.409627950000065 ], [ -99.19659484999994, 19.409439150000019 ] ] ] } },
{ "type": "Feature", "properties": { "id": 322078033, "nom_obj": "Vialidad", "nom_geo": "General Manuel M. Echegaray", "nom_cono": "N/D", "term_gen": "Calle", "clase_geo": "Servicios e instalaciones", "calif_pos": "Definida", "codigo": 3164.0, "School_count": 0, "schoolscount": 0, "crime_count": 15 }, "geometry": { "type": "MultiLineString", "coordinates": [ [ [ -99.194683899999973, 19.407421950000103 ], [ -99.194727199999988, 19.407527 ], [ -99.195132199999989, 19.407982900000032 ], [ -99.19520104999998, 19.408075250000024 ], [ -99.19534509999994, 19.408688100000038 ], [ -99.195402749999971, 19.408956500000063 ], [ -99.195420849999948, 19.409094300000078 ], [ -99.195453049999969, 19.409176100000035 ], [ -99.195557449999967, 19.409728150000038 ] ] ] } },
{ "type": "Feature", "properties": { "id": 322078505, "nom_obj": "Vialidad", "nom_geo": "Gobernador José Ceballos", "nom_cono": "N/D", "term_gen": "Calle", "clase_geo": "Servicios e instalaciones", "calif_pos": "Definida", "codigo": 3164.0, "School_count": 0, "schoolscount": 0, "crime_count": 17 }, "geometry": { "type": "MultiLineString", "coordinates": [ [ [ -99.194005649999951, 19.409775850000081 ], [ -99.194566899999984, 19.409762300000065 ], [ -99.194599749999952, 19.409762900000047 ], [ -99.195557449999967, 19.409728150000038 ], [ -99.195752149999976, 19.409727500000038 ] ] ] } },
{ "type": "Feature", "properties": { "id": 340854364, "nom_obj": "Vialidad", "nom_geo": "Boulevard Adolfo López Mateos", "nom_cono": "Ferrocarril de Cuernavaca", "term_gen": "Periférico", "clase_geo": "Servicios e instalaciones", "calif_pos": "Definida", "codigo": 3157.0, "School_count": 0, "schoolscount": 0, "crime_count": 10 }, "geometry": { "type": "MultiLineString", "coordinates": [ [ [ -99.193448599999954, 19.413536550000064 ], [ -99.193690749999973, 19.412991600000083 ], [ -99.193773549999946, 19.41275885000006 ], [ -99.1938295, 19.412570850000105 ], [ -99.193934699999943, 19.411877 ], [ -99.194047749999982, 19.411081350000067 ], [ -99.194078699999977, 19.4109405 ], [ -99.194099949999952, 19.410899050000058 ], [ -99.194142499999941, 19.410846500000034 ], [ -99.1945937, 19.410511550000024 ] ] ] } },
{ "type": "Feature", "properties": { "id": 322078502, "nom_obj": "Vialidad", "nom_geo": "Boulevard Adolfo López Mateos", "nom_cono": "Ferrocarril de Cuernavaca", "term_gen": "Periférico", "clase_geo": "Servicios e instalaciones", "calif_pos": "Definida", "codigo": 3157.0, "School_count": 0, "schoolscount": 0, "crime_count": 44 }, "geometry": { "type": "MultiLineString", "coordinates": [ [ [ -99.192198899999951, 19.403765050000043 ], [ -99.1921961, 19.403868950000067 ], [ -99.192181749999989, 19.404074900000097 ], [ -99.192117449999955, 19.404741400000049 ], [ -99.192059649999976, 19.405339700000063 ], [ -99.192041, 19.405570750000031 ], [ -99.192041549999942, 19.405727800000037 ], [ -99.192047299999956, 19.405816600000026 ], [ -99.19205814999998, 19.405932200000063 ], [ -99.192108649999966, 19.406130200000074 ], [ -99.19214744999995, 19.406234500000021 ], [ -99.192204249999989, 19.406360550000045 ], [ -99.19224319999995, 19.406443400000061 ], [ -99.192324, 19.40656720000004 ], [ -99.192423499999961, 19.406700500000063 ], [ -99.192537199999947, 19.406817150000066 ], [ -99.192696399999988, 19.406962500000084 ], [ -99.192882749999967, 19.407115600000047 ], [ -99.193299549999949, 19.407462300000105 ], [ -99.193507599999975, 19.407621 ], [ -99.193652, 19.407748450000046 ], [ -99.193793, 19.407896350000069 ], [ -99.193860899999947, 19.407985350000054 ], [ -99.193927, 19.408087300000027 ], [ -99.193997399999944, 19.408202250000034 ], [ -99.194053849999989, 19.408332750000071 ], [ -99.194090799999969, 19.408452850000067 ], [ -99.194121799999948, 19.408567050000045 ], [ -99.194134599999984, 19.40868235000006 ], [ -99.194135049999957, 19.408806100000064 ], [ -99.194130799999982, 19.408939800000063 ], [ -99.194115349999947, 19.409041700000046 ], [ -99.194103, 19.40912430000003 ], [ -99.194005649999951, 19.409775850000081 ], [ -99.1938262, 19.410845400000035 ], [ -99.193814049999958, 19.410925600000034 ], [ -99.193564899999956, 19.412570550000062 ], [ -99.193448599999954, 19.413536550000064 ], [ -99.193397749999988, 19.413944300000033 ], [ -99.19338879999998, 19.41417595000005 ], [ -99.193420149999952, 19.41446240000003 ], [ -99.193468499999938, 19.414689300000042 ], [ -99.19356165, 19.414961950000073 ], [ -99.19446315, 19.416587900000025 ] ] ] } },
{ "type": "Feature", "properties": { "id": 322077656, "nom_obj": "Vialidad", "nom_geo": "Boulevard Adolfo López Mateos", "nom_cono": "Ferrocarril de Cuernavaca", "term_gen": "Continuación", "clase_geo": "Servicios e instalaciones", "calif_pos": "Definida", "codigo": 3151.0, "School_count": 0, "schoolscount": 0, "crime_count": 1 }, "geometry": { "type": "MultiLineString", "coordinates": [ [ [ -99.193448599999954, 19.413536550000064 ], [ -99.193143099999986, 19.413907250000015 ], [ -99.193038499999943, 19.413980150000029 ], [ -99.192957199999967, 19.414001650000039 ], [ -99.192856249999977, 19.4139959 ], [ -99.192767799999956, 19.413971250000063 ], [ -99.192686199999969, 19.413910300000083 ], [ -99.192567449999956, 19.413787250000031 ], [ -99.192320449999954, 19.413510300000048 ], [ -99.191805, 19.413019300000027 ] ] ] } },
{ "type": "Feature", "properties": { "id": 322074444, "nom_obj": "Vialidad", "nom_geo": "Adolfo López Mateos", "nom_cono": "N/D", "term_gen": "Calle", "clase_geo": "Servicios e instalaciones", "calif_pos": "Definida", "codigo": 3164.0, "School_count": 0, "schoolscount": 0, "crime_count": 12 }, "geometry": { "type": "MultiLineString", "coordinates": [ [ [ -99.19238, 19.40375215000007 ], [ -99.192383100359407, 19.403722999958557 ] ] ] } },
{ "type": "Feature", "properties": { "id": 322090645, "nom_obj": "Vialidad", "nom_geo": "N/D", "nom_cono": "N/D", "term_gen": "Calle", "clase_geo": "Servicios e instalaciones", "calif_pos": "Definida", "codigo": 3164.0, "School_count": 0, "schoolscount": 0, "crime_count": 1 }, "geometry": { "type": "MultiLineString", "coordinates": [ [ [ -99.190848949999975, 19.399690150000019 ], [ -99.190854527509345, 19.399690418728298 ] ] ] } },
{ "type": "Feature", "properties": { "id": 321967836, "nom_obj": "Vialidad", "nom_geo": "Vicente Suárez", "nom_cono": "N/D", "term_gen": "Calle", "clase_geo": "Servicios e instalaciones", "calif_pos": "Definida", "codigo": 3164.0, "School_count": 0, "schoolscount": 0, "crime_count": 4 }, "geometry": { "type": "MultiLineString", "coordinates": [ [ [ -99.180497935820355, 19.41415199570455 ], [ -99.180590399999971, 19.414198350000039 ] ] ] } },
{ "type": "Feature", "properties": { "id": 322073615, "nom_obj": "Vialidad", "nom_geo": "Calle Sur 114", "nom_cono": "N/D", "term_gen": "Calle", "clase_geo": "Servicios e instalaciones", "calif_pos": "Definida", "codigo": 3164.0, "School_count": 0, "schoolscount": 0, "crime_count": 3 }, "geometry": { "type": "MultiLineString", "coordinates": [ [ [ -99.197535199999948, 19.403114650000074 ], [ -99.197534869652088, 19.403100044916656 ] ] ] } },
{ "type": "Feature", "properties": { "id": 322073631, "nom_obj": "Vialidad", "nom_geo": "Calle Sur 116", "nom_cono": "N/D", "term_gen": "Calle", "clase_geo": "Servicios e instalaciones", "calif_pos": "Definida", "codigo": 3164.0, "School_count": 0, "schoolscount": 0, "crime_count": 13 }, "geometry": { "type": "MultiLineString", "coordinates": [ [ [ -99.198386949999986, 19.402907450000072 ], [ -99.19838727522388, 19.402903235249585 ] ] ] } },
{ "type": "Feature", "properties": { "id": 322073840, "nom_obj": "Vialidad", "nom_geo": "Segunda Cerrada Observatorio", "nom_cono": "N/D", "term_gen": "Calle", "clase_geo": "Servicios e instalaciones", "calif_pos": "Definida", "codigo": 3164.0, "School_count": 0, "schoolscount": 0, "crime_count": 3 }, "geometry": { "type": "MultiLineString", "coordinates": [ [ [ -99.195418399999937, 19.403353 ], [ -99.195417948406927, 19.403348877251517 ] ] ] } },
{ "type": "Feature", "properties": { "id": 322073914, "nom_obj": "Vialidad", "nom_geo": "Tercera Cerrada Observatorio", "nom_cono": "N/D", "term_gen": "Calle", "clase_geo": "Servicios e instalaciones", "calif_pos": "Definida", "codigo": 3164.0, "School_count": 0, "schoolscount": 0, "crime_count": 1 }, "geometry": { "type": "MultiLineString", "coordinates": [ [ [ -99.195846399999937, 19.403308250000112 ], [ -99.195844863221495, 19.403295634215556 ] ] ] } },
{ "type": "Feature", "properties": { "id": 322074065, "nom_obj": "Vialidad", "nom_geo": "General Plata", "nom_cono": "N/D", "term_gen": "Cerrada", "clase_geo": "Servicios e instalaciones", "calif_pos": "Definida", "codigo": 3148.0, "School_count": 0, "schoolscount": 0, "crime_count": 11 }, "geometry": { "type": "MultiLineString", "coordinates": [ [ [ -99.194078649999938, 19.403554 ], [ -99.19407936672367, 19.403536307389473 ] ] ] } },
{ "type": "Feature", "properties": { "id": 322074164, "nom_obj": "Vialidad", "nom_geo": "Primera Observatorio", "nom_cono": "N/D", "term_gen": "Cerrada", "clase_geo": "Servicios e instalaciones", "calif_pos": "Definida", "codigo": 3148.0, "School_count": 0, "schoolscount": 0, "crime_count": 9 }, "geometry": { "type": "MultiLineString", "coordinates": [ [ [ -99.194236649999937, 19.403536800000055 ], [ -99.194236380389611, 19.403517686641354 ] ] ] } },
{ "type": "Feature", "properties": { "id": 322074226, "nom_obj": "Vialidad", "nom_geo": "General Manuel M. Plata", "nom_cono": "N/D", "term_gen": "Calle", "clase_geo": "Servicios e instalaciones", "calif_pos": "Definida", "codigo": 3164.0, "School_count": 0, "schoolscount": 0, "crime_count": 6 }, "geometry": { "type": "MultiLineString", "coordinates": [ [ [ -99.194603249999943, 19.403477400000028 ], [ -99.194602952053458, 19.403474513862111 ] ] ] } },
{ "type": "Feature", "properties": { "id": 322074375, "nom_obj": "Vialidad", "nom_geo": "Héroes de 1914", "nom_cono": "N/D", "term_gen": "Calle", "clase_geo": "Servicios e instalaciones", "calif_pos": "Definida", "codigo": 3164.0, "School_count": 0, "schoolscount": 0, "crime_count": 5 }, "geometry": { "type": "MultiLineString", "coordinates": [ [ [ -99.189095399999985, 19.3956863 ], [ -99.189095400959829, 19.395686292288314 ] ] ] } },
{ "type": "Feature", "properties": { "id": 322074381, "nom_obj": "Vialidad", "nom_geo": "11 de Abril", "nom_cono": "N/D", "term_gen": "Calle", "clase_geo": "Servicios e instalaciones", "calif_pos": "Definida", "codigo": 3164.0, "School_count": 0, "schoolscount": 0, "crime_count": 5 }, "geometry": { "type": "MultiLineString", "coordinates": [ [ [ -99.189095403907942, 19.395686299319166 ], [ -99.189095399999985, 19.3956863 ] ] ] } },
{ "type": "Feature", "properties": { "id": 322074441, "nom_obj": "Vialidad", "nom_geo": "Quinta Observatorio", "nom_cono": "N/D", "term_gen": "Privada", "clase_geo": "Servicios e instalaciones", "calif_pos": "Definida", "codigo": 3158.0, "School_count": 0, "schoolscount": 0, "crime_count": 14 }, "geometry": { "type": "MultiLineString", "coordinates": [ [ [ -99.196604479706394, 19.403207551982629 ], [ -99.196606599999939, 19.403225450000033 ] ] ] } },
{ "type": "Feature", "properties": { "id": 322074445, "nom_obj": "Vialidad", "nom_geo": "Molino de Santo Domingo", "nom_cono": "N/D", "term_gen": "Calle", "clase_geo": "Servicios e instalaciones", "calif_pos": "Definida", "codigo": 3164.0, "School_count": 0, "schoolscount": 0, "crime_count": 6 }, "geometry": { "type": "MultiLineString", "coordinates": [ [ [ -99.193669949999958, 19.403595300000081 ], [ -99.193670737591447, 19.403583432742685 ] ] ] } },
{ "type": "Feature", "properties": { "id": 322075014, "nom_obj": "Vialidad", "nom_geo": "Primero de Mayo", "nom_cono": "N/D", "term_gen": "Avenida", "clase_geo": "Servicios e instalaciones", "calif_pos": "Definida", "codigo": 3144.0, "School_count": 0, "schoolscount": 0, "crime_count": 16 }, "geometry": { "type": "MultiLineString", "coordinates": [ [ [ -99.186486149999951, 19.395686550000082 ], [ -99.186493617459703, 19.39564164135346 ] ] ] } },
{ "type": "Feature", "properties": { "id": 322075104, "nom_obj": "Vialidad", "nom_geo": "Héroes de la Intervención", "nom_cono": "N/D", "term_gen": "Calle", "clase_geo": "Servicios e instalaciones", "calif_pos": "Definida", "codigo": 3164.0, "School_count": 0, "schoolscount": 0, "crime_count": 2 }, "geometry": { "type": "MultiLineString", "coordinates": [ [ [ -99.188516749999962, 19.395703 ], [ -99.188527381585047, 19.395643108118996 ] ] ] } },
{ "type": "Feature", "properties": { "id": 322075105, "nom_obj": "Vialidad", "nom_geo": "Río Becerra", "nom_cono": "N/D", "term_gen": "Calle", "clase_geo": "Servicios e instalaciones", "calif_pos": "Definida", "codigo": 3164.0, "School_count": 0, "schoolscount": 0, "crime_count": 7 }, "geometry": { "type": "MultiLineString", "coordinates": [ [ [ -99.187563415975319, 19.395692548474504 ], [ -99.187549049999973, 19.395737100000105 ] ] ] } },
{ "type": "Feature", "properties": { "id": 322075106, "nom_obj": "Vialidad", "nom_geo": "Cerrada Revolución", "nom_cono": "N/D", "term_gen": "Calle", "clase_geo": "Servicios e instalaciones", "calif_pos": "Definida", "codigo": 3164.0, "School_count": 0, "schoolscount": 0, "crime_count": 3 }, "geometry": { "type": "MultiLineString", "coordinates": [ [ [ -99.185969099999966, 19.395772100000059 ], [ -99.18597078050837, 19.395749772967342 ] ] ] } },
{ "type": "Feature", "properties": { "id": 322075107, "nom_obj": "Vialidad", "nom_geo": "Becerra", "nom_cono": "N/D", "term_gen": "Calle", "clase_geo": "Servicios e instalaciones", "calif_pos": "Definida", "codigo": 3164.0, "School_count": 0, "schoolscount": 0, "crime_count": 7 }, "geometry": { "type": "MultiLineString", "coordinates": [ [ [ -99.18784009999996, 19.395729250000056 ], [ -99.187859769923222, 19.395677440593829 ] ] ] } },
{ "type": "Feature", "properties": { "id": 322075188, "nom_obj": "Vialidad", "nom_geo": "Río Becerra", "nom_cono": "N/D", "term_gen": "Viaducto", "clase_geo": "Servicios e instalaciones", "calif_pos": "Definida", "codigo": 3163.0, "School_count": 0, "schoolscount": 0, "crime_count": 7 }, "geometry": { "type": "MultiLineString", "coordinates": [ [ [ -99.174518899999953, 19.398540150000024 ], [ -99.175532384629506, 19.398094106764763 ] ], [ [ -99.175533704570412, 19.398093814948385 ], [ -99.176079299999969, 19.397974600000055 ], [ -99.176638642833694, 19.397849542868585 ] ], [ [ -99.176735963215862, 19.39782901189594 ], [ -99.177683849999937, 19.397630150000101 ], [ -99.17779749999994, 19.397606300000078 ], [ -99.178158249999967, 19.397532500000072 ], [ -99.178602649999959, 19.397435 ], [ -99.178903149999954, 19.39736905000008 ], [ -99.178903207302525, 19.397369031919403 ] ] ] } },
{ "type": "Feature", "properties": { "id": 322075390, "nom_obj": "Vialidad", "nom_geo": "Insurgentes Sur", "nom_cono": "N/D", "term_gen": "Avenida", "clase_geo": "Servicios e instalaciones", "calif_pos": "Definida", "codigo": 3144.0, "School_count": 0, "schoolscount": 0, "crime_count": 3 }, "geometry": { "type": "MultiLineString", "coordinates": [ [ [ -99.170497799999964, 19.399800150000015 ], [ -99.170509590544427, 19.399767167174787 ] ] ] } },
{ "type": "Feature", "properties": { "id": 322075412, "nom_obj": "Vialidad", "nom_geo": "3", "nom_cono": "N/D", "term_gen": "Avenida", "clase_geo": "Servicios e instalaciones", "calif_pos": "Definida", "codigo": 3144.0, "School_count": 0, "schoolscount": 0, "crime_count": 8 }, "geometry": { "type": "MultiLineString", "coordinates": [ [ [ -99.182445110434571, 19.396770084044398 ], [ -99.182446049999953, 19.396806750000088 ] ] ] } },
{ "type": "Feature", "properties": { "id": 322075431, "nom_obj": "Vialidad", "nom_geo": "2", "nom_cono": "N/D", "term_gen": "Avenida", "clase_geo": "Servicios e instalaciones", "calif_pos": "Definida", "codigo": 3144.0, "School_count": 0, "schoolscount": 0, "crime_count": 15 }, "geometry": { "type": "MultiLineString", "coordinates": [ [ [ -99.1834328, 19.396441800000055 ], [ -99.183435829211206, 19.396403510502264 ] ] ] } },
{ "type": "Feature", "properties": { "id": 322075432, "nom_obj": "Vialidad", "nom_geo": "1", "nom_cono": "N/D", "term_gen": "Avenida", "clase_geo": "Servicios e instalaciones", "calif_pos": "Definida", "codigo": 3144.0, "School_count": 0, "schoolscount": 0, "crime_count": 4 }, "geometry": { "type": "MultiLineString", "coordinates": [ [ [ -99.184307706558087, 19.396132800854293 ], [ -99.1843062, 19.396144600000074 ] ] ] } },
{ "type": "Feature", "properties": { "id": 322075509, "nom_obj": "Vialidad", "nom_geo": "Nebraska", "nom_cono": "N/D", "term_gen": "Calle", "clase_geo": "Servicios e instalaciones", "calif_pos": "Definida", "codigo": 3164.0, "School_count": 0, "schoolscount": 0, "crime_count": 0 }, "geometry": { "type": "MultiLineString", "coordinates": [ [ [ -99.177683849999937, 19.397630150000101 ], [ -99.177683707325869, 19.397629128339659 ] ] ] } },
{ "type": "Feature", "properties": { "id": 322075518, "nom_obj": "Vialidad", "nom_geo": "Ohio", "nom_cono": "N/D", "term_gen": "Calle", "clase_geo": "Servicios e instalaciones", "calif_pos": "Definida", "codigo": 3164.0, "School_count": 0, "schoolscount": 0, "crime_count": 1 }, "geometry": { "type": "MultiLineString", "coordinates": [ [ [ -99.173107099999982, 19.398973450000014 ], [ -99.173107095548815, 19.398973448303515 ] ] ] } },
{ "type": "Feature", "properties": { "id": 322075559, "nom_obj": "Vialidad", "nom_geo": "11 de Abril", "nom_cono": "N/D", "term_gen": "Calle", "clase_geo": "Servicios e instalaciones", "calif_pos": "Definida", "codigo": 3164.0, "School_count": 0, "schoolscount": 0, "crime_count": 153 }, "geometry": { "type": "MultiLineString", "coordinates": [ [ [ -99.178903149999954, 19.39736905000008 ], [ -99.179490299999941, 19.397431 ], [ -99.180147449999936, 19.3972982 ], [ -99.180944649999958, 19.397140800000052 ], [ -99.181187099999988, 19.397103850000065 ], [ -99.181409, 19.397070100000057 ], [ -99.182059899999956, 19.396970950000032 ], [ -99.182077649136744, 19.39696340181353 ] ], [ [ -99.182134873511757, 19.396939065948246 ], [ -99.182239549999963, 19.396894550000081 ], [ -99.182446049999953, 19.396806750000088 ], [ -99.1834328, 19.396441800000055 ], [ -99.18393045, 19.396250550000051 ], [ -99.1843062, 19.396144600000074 ], [ -99.184449734542824, 19.396114438993589 ] ], [ [ -99.185312343647453, 19.395933154423044 ], [ -99.185969099999966, 19.395772100000059 ], [ -99.186330949999956, 19.39569015000006 ], [ -99.186444799999947, 19.395686900000069 ], [ -99.186486149999951, 19.395686550000082 ], [ -99.187549049999973, 19.395737100000105 ], [ -99.18784009999996, 19.395729250000056 ], [ -99.188516749999962, 19.395703 ], [ -99.188563199999976, 19.395701650000053 ], [ -99.189095399999985, 19.3956863 ] ] ] } },
{ "type": "Feature", "properties": { "id": 322075560, "nom_obj": "Vialidad", "nom_geo": "Indianápolis", "nom_cono": "N/D", "term_gen": "Calle", "clase_geo": "Servicios e instalaciones", "calif_pos": "Definida", "codigo": 3164.0, "School_count": 0, "schoolscount": 0, "crime_count": 0 }, "geometry": { "type": "MultiLineString", "coordinates": [ [ [ -99.178602250334052, 19.397433955442757 ], [ -99.178602649999959, 19.397435 ] ] ] } },
{ "type": "Feature", "properties": { "id": 322075575, "nom_obj": "Vialidad", "nom_geo": "Dallas", "nom_cono": "N/D", "term_gen": "Calle", "clase_geo": "Servicios e instalaciones", "calif_pos": "Definida", "codigo": 3164.0, "School_count": 0, "schoolscount": 0, "crime_count": 1 }, "geometry": { "type": "MultiLineString", "coordinates": [ [ [ -99.176078845011617, 19.397973293464652 ], [ -99.176079299999969, 19.397974600000055 ] ] ] } },
{ "type": "Feature", "properties": { "id": 322075812, "nom_obj": "Vialidad", "nom_geo": "Circuito Interior", "nom_cono": "Patriotismo", "term_gen": "Circuito", "clase_geo": "Servicios e instalaciones", "calif_pos": "Definida", "codigo": 3149.0, "School_count": 0, "schoolscount": 0, "crime_count": 18 }, "geometry": { "type": "MultiLineString", "coordinates": [ [ [ -99.180956238038533, 19.397096205804168 ], [ -99.180944649999958, 19.397140800000052 ] ] ] } },
{ "type": "Feature", "properties": { "id": 322075817, "nom_obj": "Vialidad", "nom_geo": "Presidente Miguel Alemán", "nom_cono": "N/D", "term_gen": "Viaducto", "clase_geo": "Servicios e instalaciones", "calif_pos": "Definida", "codigo": 3163.0, "School_count": 0, "schoolscount": 0, "crime_count": 2 }, "geometry": { "type": "MultiLineString", "coordinates": [ [ [ -99.170497799999964, 19.399800150000015 ], [ -99.170428833988751, 19.399816017301657 ] ] ] } },
{ "type": "Feature", "properties": { "id": 322075818, "nom_obj": "Vialidad", "nom_geo": "Bajío", "nom_cono": "N/D", "term_gen": "Calle", "clase_geo": "Servicios e instalaciones", "calif_pos": "Definida", "codigo": 3164.0, "School_count": 0, "schoolscount": 0, "crime_count": 15 }, "geometry": { "type": "MultiLineString", "coordinates": [ [ [ -99.170905949999963, 19.402287550000015 ], [ -99.170871947096998, 19.402293708644407 ] ] ] } },
{ "type": "Feature", "properties": { "id": 322076077, "nom_obj": "Vialidad", "nom_geo": "Galveston", "nom_cono": "N/D", "term_gen": "Calle", "clase_geo": "Servicios e instalaciones", "calif_pos": "Definida", "codigo": 3164.0, "School_count": 0, "schoolscount": 0, "crime_count": 4 }, "geometry": { "type": "MultiLineString", "coordinates": [ [ [ -99.174467849999985, 19.398555450000078 ], [ -99.174467845126415, 19.39855543571678 ] ] ] } },
{ "type": "Feature", "properties": { "id": 322076210, "nom_obj": "Vialidad", "nom_geo": "Alfonso Reyes", "nom_cono": "N/D", "term_gen": "Calle", "clase_geo": "Servicios e instalaciones", "calif_pos": "Definida", "codigo": 3164.0, "School_count": 0, "schoolscount": 0, "crime_count": 5 }, "geometry": { "type": "MultiLineString", "coordinates": [ [ [ -99.18216979799007, 19.411455747745123 ], [ -99.1822666, 19.411505350000041 ] ] ] } },
{ "type": "Feature", "properties": { "id": 322076214, "nom_obj": "Vialidad", "nom_geo": "Francisco Márquez", "nom_cono": "N/D", "term_gen": "Calle", "clase_geo": "Servicios e instalaciones", "calif_pos": "Definida", "codigo": 3164.0, "School_count": 0, "schoolscount": 0, "crime_count": 2 }, "geometry": { "type": "MultiLineString", "coordinates": [ [ [ -99.181207349999966, 19.413083 ], [ -99.181157367600164, 19.413053849061765 ] ] ] } },
{ "type": "Feature", "properties": { "id": 322076263, "nom_obj": "Vialidad", "nom_geo": "4 Sur", "nom_cono": "Benjamín Franklin", "term_gen": "Eje vial", "clase_geo": "Servicios e instalaciones", "calif_pos": "Definida", "codigo": 3154.0, "School_count": 0, "schoolscount": 0, "crime_count": 25 }, "geometry": { "type": "MultiLineString", "coordinates": [ [ [ -99.177954340910574, 19.405750882376758 ], [ -99.177946799999972, 19.405748350000074 ], [ -99.177744234653332, 19.405673859051117 ] ], [ [ -99.176202449368589, 19.405122996885151 ], [ -99.176202049999972, 19.405122850000073 ], [ -99.176201845058301, 19.405122789031964 ] ] ] } },
{ "type": "Feature", "properties": { "id": 322076544, "nom_obj": "Vialidad", "nom_geo": "Insurgentes Sur", "nom_cono": "N/D", "term_gen": "Avenida", "clase_geo": "Servicios e instalaciones", "calif_pos": "Definida", "codigo": 3144.0, "School_count": 0, "schoolscount": 0, "crime_count": 15 }, "geometry": { "type": "MultiLineString", "coordinates": [ [ [ -99.170497799999964, 19.399800150000015 ], [ -99.170466899999951, 19.39991665000003 ], [ -99.170374249999952, 19.400266500000036 ], [ -99.170368729539021, 19.400283744006611 ] ] ] } },
{ "type": "Feature", "properties": { "id": 322076606, "nom_obj": "Vialidad", "nom_geo": "Nuevo León", "nom_cono": "N/D", "term_gen": "Avenida", "clase_geo": "Servicios e instalaciones", "calif_pos": "Definida", "codigo": 3144.0, "School_count": 0, "schoolscount": 0, "crime_count": 69 }, "geometry": { "type": "MultiLineString", "coordinates": [ [ [ -99.170374249999952, 19.400266500000036 ], [ -99.170417949999944, 19.400420700000048 ], [ -99.170773649999944, 19.401785150000048 ], [ -99.170814449999966, 19.401950150000058 ], [ -99.170905949999963, 19.402287550000015 ], [ -99.170993949999968, 19.402735100000029 ], [ -99.171214537883856, 19.403528430401391 ] ] ] } },
{ "type": "Feature", "properties": { "id": 322076622, "nom_obj": "Vialidad", "nom_geo": "Cholula", "nom_cono": "N/D", "term_gen": "Calle", "clase_geo": "Servicios e instalaciones", "calif_pos": "Definida", "codigo": 3164.0, "School_count": 0, "schoolscount": 0, "crime_count": 4 }, "geometry": { "type": "MultiLineString", "coordinates": [ [ [ -99.17620204777225, 19.405122856223922 ], [ -99.176202049999972, 19.405122850000073 ] ] ] } },
{ "type": "Feature", "properties": { "id": 322076823, "nom_obj": "Vialidad", "nom_geo": "Gobernador Luis G. Curiel", "nom_cono": "N/D", "term_gen": "Calle", "clase_geo": "Servicios e instalaciones", "calif_pos": "Definida", "codigo": 3164.0, "School_count": 0, "schoolscount": 0, "crime_count": 8 }, "geometry": { "type": "MultiLineString", "coordinates": [ [ [ -99.190505949999988, 19.410795850000078 ], [ -99.190623849999952, 19.410747100000044 ], [ -99.19069885, 19.410737 ], [ -99.190813899999966, 19.410744900000015 ], [ -99.190924249999966, 19.410776750000018 ] ] ] } },
{ "type": "Feature", "properties": { "id": 322076854, "nom_obj": "Vialidad", "nom_geo": "Las Huertas", "nom_cono": "N/D", "term_gen": "Calle", "clase_geo": "Servicios e instalaciones", "calif_pos": "Definida", "codigo": 3164.0, "School_count": 0, "schoolscount": 0, "crime_count": 15 }, "geometry": { "type": "MultiLineString", "coordinates": [ [ [ -99.191078399999981, 19.406660150000047 ], [ -99.192091, 19.406427700000055 ] ] ] } },
{ "type": "Feature", "properties": { "id": 322076871, "nom_obj": "Vialidad", "nom_geo": "Privada General Sóstenes Rocha", "nom_cono": "N/D", "term_gen": "Calle", "clase_geo": "Servicios e instalaciones", "calif_pos": "Definida", "codigo": 3164.0, "School_count": 0, "schoolscount": 0, "crime_count": 21 }, "geometry": { "type": "MultiLineString", "coordinates": [ [ [ -99.192108649999966, 19.406130200000074 ], [ -99.192091, 19.406427700000055 ], [ -99.192073799999946, 19.406717 ], [ -99.192012799999986, 19.4079108 ] ] ] } },
{ "type": "Feature", "properties": { "id": 322077031, "nom_obj": "Vialidad", "nom_geo": "General Francisco Ramírez", "nom_cono": "N/D", "term_gen": "Calle", "clase_geo": "Servicios e instalaciones", "calif_pos": "Definida", "codigo": 3164.0, "School_count": 0, "schoolscount": 0, "crime_count": 45 }, "geometry": { "type": "MultiLineString", "coordinates": [ [ [ -99.192423499999961, 19.406700500000063 ], [ -99.192289249999988, 19.407036050000073 ], [ -99.192392799999936, 19.407307 ], [ -99.192583899999988, 19.407744950000048 ], [ -99.192602599999987, 19.408129250000059 ], [ -99.192615899999964, 19.408545400000026 ], [ -99.1926322, 19.409144149999978 ], [ -99.19264574999994, 19.409798550000051 ], [ -99.19264979999997, 19.409840700000075 ], [ -99.192577849999964, 19.410020600000063 ], [ -99.192455699999982, 19.410283050000039 ], [ -99.192413249999959, 19.410430400000038 ], [ -99.192361749999975, 19.410665250000019 ], [ -99.192323699999974, 19.410876150000011 ], [ -99.19224504999994, 19.4113091 ], [ -99.192207549999978, 19.411581750000042 ], [ -99.192267199999947, 19.411771700000031 ] ] ] } },
{ "type": "Feature", "properties": { "id": 322077032, "nom_obj": "Vialidad", "nom_geo": "General Enrique Torroella", "nom_cono": "N/D", "term_gen": "Calle", "clase_geo": "Servicios e instalaciones", "calif_pos": "Definida", "codigo": 3164.0, "School_count": 0, "schoolscount": 0, "crime_count": 18 }, "geometry": { "type": "MultiLineString", "coordinates": [ [ [ -99.191294199999959, 19.408129400000067 ], [ -99.191321749999986, 19.408557150000057 ], [ -99.191335699999968, 19.409177600000074 ], [ -99.1913846, 19.409808700000028 ] ] ] } },
{ "type": "Feature", "properties": { "id": 322077033, "nom_obj": "Vialidad", "nom_geo": "General Pedro Rincón Gallardo", "nom_cono": "N/D", "term_gen": "Cerrada", "clase_geo": "Servicios e instalaciones", "calif_pos": "Definida", "codigo": 3148.0, "School_count": 0, "schoolscount": 0, "crime_count": 13 }, "geometry": { "type": "MultiLineString", "coordinates": [ [ [ -99.190810899999974, 19.408628350000058 ], [ -99.191321749999986, 19.408557150000057 ], [ -99.192602599999987, 19.408129250000059 ], [ -99.192731699999968, 19.408117250000046 ], [ -99.193526549999945, 19.408098950000067 ] ] ] } },
{ "type": "Feature", "properties": { "id": 322077054, "nom_obj": "Vialidad", "nom_geo": "General Pedro Rincón Gallardo", "nom_cono": "N/D", "term_gen": "Calle", "clase_geo": "Servicios e instalaciones", "calif_pos": "Definida", "codigo": 3164.0, "School_count": 0, "schoolscount": 0, "crime_count": 30 }, "geometry": { "type": "MultiLineString", "coordinates": [ [ [ -99.199144799999942, 19.408032 ], [ -99.199010449999946, 19.407994150000029 ], [ -99.198730699999942, 19.40798405 ], [ -99.198554, 19.40798975000007 ], [ -99.197828049999941, 19.408016250000056 ], [ -99.19712734999996, 19.408023350000086 ], [ -99.196420649999936, 19.408031400000041 ], [ -99.19579365, 19.408038250000072 ], [ -99.195791349999979, 19.408038300000069 ], [ -99.19520104999998, 19.408075250000024 ], [ -99.194561399999941, 19.408081300000056 ], [ -99.193927, 19.408087300000027 ] ] ] } },
{ "type": "Feature", "properties": { "id": 322077050, "nom_obj": "Vialidad", "nom_geo": "Parque Lira", "nom_cono": "N/D", "term_gen": "Avenida", "clase_geo": "Servicios e instalaciones", "calif_pos": "Definida", "codigo": 3144.0, "School_count": 0, "schoolscount": 0, "crime_count": 466 }, "geometry": { "type": "MultiLineString", "coordinates": [ [ [ -99.18493234999994, 19.400047150000056 ], [ -99.185121199999969, 19.400078 ], [ -99.185284149999973, 19.400117 ], [ -99.185404049999988, 19.400182550000036 ], [ -99.185538149999957, 19.400295800000066 ], [ -99.185896699999944, 19.400844800000083 ], [ -99.186216799999954, 19.401421850000087 ], [ -99.186301749999984, 19.401505450000052 ], [ -99.18646339999998, 19.401702650000043 ], [ -99.186757349999937, 19.402186950000051 ], [ -99.187012349999975, 19.40264775 ], [ -99.18727309999997, 19.403124400000038 ], [ -99.18771634999996, 19.403944350000064 ], [ -99.187980049999965, 19.404473400000036 ], [ -99.188164949999987, 19.404942 ], [ -99.188507199999947, 19.405619650000059 ], [ -99.188555699999952, 19.405718850000053 ], [ -99.18885419999998, 19.40631420000005 ], [ -99.189221049999958, 19.407025900000043 ], [ -99.189579849999973, 19.407761450000063 ], [ -99.189951299999962, 19.408573700000051 ], [ -99.190227899999982, 19.409171250000036 ], [ -99.190232849999973, 19.409182450000039 ], [ -99.190527299999985, 19.409845750000031 ], [ -99.190724099999954, 19.410293100000036 ], [ -99.190886399999954, 19.410689150000032 ], [ -99.190924249999966, 19.410776750000018 ], [ -99.191120349999963, 19.411230550000045 ], [ -99.19147245, 19.41215895000007 ] ] ] } },
{ "type": "Feature", "properties": { "id": 322077051, "nom_obj": "Vialidad", "nom_geo": "General José Montesinos", "nom_cono": "N/D", "term_gen": "Calle", "clase_geo": "Servicios e instalaciones", "calif_pos": "Definida", "codigo": 3164.0, "School_count": 0, "schoolscount": 0, "crime_count": 19 }, "geometry": { "type": "MultiLineString", "coordinates": [ [ [ -99.197096899999963, 19.405821850000077 ], [ -99.197086199999944, 19.405972700000056 ], [ -99.197077399999955, 19.406277 ], [ -99.197082049999949, 19.406663100000063 ], [ -99.197082249999951, 19.406667050000074 ], [ -99.197104799999977, 19.407155 ], [ -99.197118399999965, 19.407336350000037 ], [ -99.197118649999936, 19.407339900000064 ], [ -99.197117749999961, 19.407629950000061 ], [ -99.19712734999996, 19.408023350000086 ], [ -99.197159299999953, 19.409131450000075 ] ] ] } },
{ "type": "Feature", "properties": { "id": 322077053, "nom_obj": "Vialidad", "nom_geo": "Gobernador Agustín Vicente Eguía", "nom_cono": "N/D", "term_gen": "Calle", "clase_geo": "Servicios e instalaciones", "calif_pos": "Definida", "codigo": 3164.0, "School_count": 0, "schoolscount": 0, "crime_count": 87 }, "geometry": { "type": "MultiLineString", "coordinates": [ [ [ -99.184265883856426, 19.407902048580336 ], [ -99.184503499999948, 19.407933300000057 ], [ -99.185438199999979, 19.40789865000005 ], [ -99.18600349999997, 19.407872200000043 ], [ -99.186005699999953, 19.407872100000056 ], [ -99.187352849999968, 19.407831 ], [ -99.187909499999989, 19.407819750000066 ], [ -99.188540849999981, 19.407788350000025 ], [ -99.188950699999964, 19.407777750000033 ], [ -99.189579849999973, 19.407761450000063 ] ] ] } },
{ "type": "Feature", "properties": { "id": 322077055, "nom_obj": "Vialidad", "nom_geo": "Gobernador José Ceballos", "nom_cono": "N/D", "term_gen": "Calle", "clase_geo": "Servicios e instalaciones", "calif_pos": "Definida", "codigo": 3164.0, "School_count": 0, "schoolscount": 0, "crime_count": 70 }, "geometry": { "type": "MultiLineString", "coordinates": [ [ [ -99.194005649999951, 19.409775850000081 ], [ -99.193570799999975, 19.409786950000083 ], [ -99.192673549999938, 19.409796700000076 ], [ -99.19264574999994, 19.409798550000051 ], [ -99.1913846, 19.409808700000028 ], [ -99.191323899999986, 19.409812350000031 ], [ -99.190646, 19.409845300000029 ], [ -99.190527299999985, 19.409845750000031 ], [ -99.190453549999972, 19.409865700000061 ], [ -99.190384399999971, 19.40991 ], [ -99.189939549999963, 19.409916100000025 ], [ -99.188055799999972, 19.409974550000083 ], [ -99.187965549999944, 19.40996575000003 ], [ -99.187934749999954, 19.40996270000009 ], [ -99.18719109999995, 19.409999250000045 ], [ -99.185857499999941, 19.410079800000055 ] ] ] } },
{ "type": "Feature", "properties": { "id": 322077056, "nom_obj": "Vialidad", "nom_geo": "General Sóstenes Rocha", "nom_cono": "N/D", "term_gen": "Calle", "clase_geo": "Servicios e instalaciones", "calif_pos": "Definida", "codigo": 3164.0, "School_count": 0, "schoolscount": 0, "crime_count": 121 }, "geometry": { "type": "MultiLineString", "coordinates": [ [ [ -99.200550199999952, 19.407272400000085 ], [ -99.199953899999969, 19.407269050000021 ], [ -99.199243499999966, 19.40729 ], [ -99.198527199999944, 19.407311100000065 ], [ -99.198356, 19.407316150000039 ], [ -99.197823099999937, 19.407324850000077 ], [ -99.197118399999965, 19.407336350000037 ], [ -99.196980949999954, 19.407338600000053 ], [ -99.19638539999994, 19.407357600000068 ], [ -99.196068649999972, 19.407367700000052 ], [ -99.195804449999983, 19.407378450000071 ], [ -99.194862399999977, 19.407416650000069 ], [ -99.194683899999973, 19.407421950000103 ], [ -99.194570449999958, 19.407432850000088 ], [ -99.194521599999973, 19.407437550000054 ], [ -99.193299549999949, 19.407462300000105 ], [ -99.193042349999985, 19.407558250000061 ], [ -99.192583899999988, 19.407744950000048 ], [ -99.192012799999986, 19.4079108 ], [ -99.191294199999959, 19.408129400000067 ], [ -99.189951299999962, 19.408573700000051 ] ] ] } },
{ "type": "Feature", "properties": { "id": 322077057, "nom_obj": "Vialidad", "nom_geo": "Molino del Rey", "nom_cono": "N/D", "term_gen": "Avenida", "clase_geo": "Servicios e instalaciones", "calif_pos": "Definida", "codigo": 3144.0, "School_count": 0, "schoolscount": 0, "crime_count": 7 }, "geometry": { "type": "MultiLineString", "coordinates": [ [ [ -99.193967549999968, 19.41660775 ], [ -99.19379964999996, 19.416204950000079 ], [ -99.193349699999942, 19.415416150000073 ], [ -99.192811099999972, 19.414514250000028 ], [ -99.192072249999967, 19.413400050000064 ], [ -99.191805, 19.413019300000027 ], [ -99.191737399999965, 19.412911950000026 ], [ -99.191644199999985, 19.412651250000092 ], [ -99.19147245, 19.41215895000007 ] ] ] } },
{ "type": "Feature", "properties": { "id": 322077058, "nom_obj": "Vialidad", "nom_geo": "Gobernador Luis G. Curiel", "nom_cono": "N/D", "term_gen": "Calle", "clase_geo": "Servicios e instalaciones", "calif_pos": "Definida", "codigo": 3164.0, "School_count": 0, "schoolscount": 0, "crime_count": 18 }, "geometry": { "type": "MultiLineString", "coordinates": [ [ [ -99.190886399999954, 19.410689150000032 ], [ -99.191373499999955, 19.410678050000062 ], [ -99.192361749999975, 19.410665250000019 ] ] ] } },
{ "type": "Feature", "properties": { "id": 322077059, "nom_obj": "Vialidad", "nom_geo": "General Pedro J. Méndez", "nom_cono": "N/D", "term_gen": "Calle", "clase_geo": "Servicios e instalaciones", "calif_pos": "Definida", "codigo": 3164.0, "School_count": 0, "schoolscount": 0, "crime_count": 29 }, "geometry": { "type": "MultiLineString", "coordinates": [ [ [ -99.193507599999975, 19.407621 ], [ -99.193526549999945, 19.408098950000067 ], [ -99.193550149999965, 19.409134350000059 ], [ -99.193570799999975, 19.409786950000083 ], [ -99.193569899999943, 19.409965500000062 ], [ -99.19363814999997, 19.411017650000066 ] ] ] } },
{ "type": "Feature", "properties": { "id": 322077096, "nom_obj": "Vialidad", "nom_geo": "Coronel Amado Camacho", "nom_cono": "N/D", "term_gen": "Calle", "clase_geo": "Servicios e instalaciones", "calif_pos": "Definida", "codigo": 3164.0, "School_count": 0, "schoolscount": 0, "crime_count": 18 }, "geometry": { "type": "MultiLineString", "coordinates": [ [ [ -99.19732664999998, 19.405970250000077 ], [ -99.197786949999966, 19.40558680000008 ], [ -99.197872099999984, 19.405515900000054 ], [ -99.198084949999952, 19.405337900000049 ], [ -99.198211299999969, 19.405325250000057 ], [ -99.198430749999943, 19.405299 ], [ -99.198476249999942, 19.405296250000063 ], [ -99.199165649999941, 19.405259750000024 ], [ -99.199212799999941, 19.405257300000045 ], [ -99.199416, 19.405246550000108 ], [ -99.199907899999971, 19.40523475000003 ], [ -99.200632749999954, 19.405217350000058 ], [ -99.200896649999947, 19.405183300000051 ] ] ] } },
{ "type": "Feature", "properties": { "id": 322077114, "nom_obj": "Vialidad", "nom_geo": "General Miguel Quintana", "nom_cono": "N/D", "term_gen": "Calle", "clase_geo": "Servicios e instalaciones", "calif_pos": "Definida", "codigo": 3164.0, "School_count": 0, "schoolscount": 0, "crime_count": 31 }, "geometry": { "type": "MultiLineString", "coordinates": [ [ [ -99.200691, 19.40658645000007 ], [ -99.199921449999977, 19.406598600000059 ], [ -99.199532149999982, 19.406604700000091 ], [ -99.199210349999987, 19.406614250000107 ], [ -99.198504749999984, 19.406635100000116 ], [ -99.198336249999954, 19.406640100000029 ], [ -99.197793, 19.406649200000064 ], [ -99.197643649999975, 19.406651700000065 ], [ -99.197082249999951, 19.406667050000074 ], [ -99.196765349999964, 19.406675700000058 ], [ -99.196367399999986, 19.406687100000052 ], [ -99.195850599999972, 19.406701900000019 ] ] ] } },
{ "type": "Feature", "properties": { "id": 322077115, "nom_obj": "Vialidad", "nom_geo": "Barranquilla", "nom_cono": "N/D", "term_gen": "Calle", "clase_geo": "Servicios e instalaciones", "calif_pos": "Definida", "codigo": 3164.0, "School_count": 0, "schoolscount": 0, "crime_count": 54 }, "geometry": { "type": "MultiLineString", "coordinates": [ [ [ -99.20148039999998, 19.401925250000058 ], [ -99.201347899999973, 19.402029250000027 ], [ -99.200898149999944, 19.402422750000014 ], [ -99.200751849999961, 19.402556200000067 ], [ -99.200659949999988, 19.402644350000063 ], [ -99.200560399999972, 19.40272530000005 ], [ -99.20000669999996, 19.403208 ], [ -99.199800899999957, 19.403387350000063 ], [ -99.199453799999958, 19.403702150000093 ], [ -99.198770049999951, 19.404316700000052 ], [ -99.198446399999966, 19.404621400000035 ], [ -99.198166749999984, 19.404900100000113 ], [ -99.197977949999938, 19.405087450000011 ], [ -99.197818349999977, 19.40523025000002 ], [ -99.19746669999995, 19.405519100000074 ], [ -99.197096899999963, 19.405821850000077 ], [ -99.196938599999953, 19.405936100000091 ], [ -99.196552799999949, 19.406216650000044 ], [ -99.196333749999951, 19.40636250000005 ], [ -99.195850599999972, 19.406701900000019 ], [ -99.195764649999944, 19.406758850000067 ], [ -99.195566299999939, 19.406904150000031 ], [ -99.195031849999964, 19.407285550000033 ], [ -99.194862399999977, 19.407416650000069 ] ] ] } },
{ "type": "Feature", "properties": { "id": 322077181, "nom_obj": "Vialidad", "nom_geo": "Segunda Privada 11 de Abril", "nom_cono": "N/D", "term_gen": "Calle", "clase_geo": "Servicios e instalaciones", "calif_pos": "Definida", "codigo": 3164.0, "School_count": 0, "schoolscount": 0, "crime_count": 8 }, "geometry": { "type": "MultiLineString", "coordinates": [ [ [ -99.181161199999963, 19.39829 ], [ -99.181187099999988, 19.397103850000065 ] ] ] } },
{ "type": "Feature", "properties": { "id": 322077182, "nom_obj": "Vialidad", "nom_geo": "12 de Diciembre", "nom_cono": "N/D", "term_gen": "Calle", "clase_geo": "Servicios e instalaciones", "calif_pos": "Definida", "codigo": 3164.0, "School_count": 0, "schoolscount": 0, "crime_count": 14 }, "geometry": { "type": "MultiLineString", "coordinates": [ [ [ -99.178874299999961, 19.399205600000077 ], [ -99.178903149999954, 19.39736905000008 ] ] ] } },
{ "type": "Feature", "properties": { "id": 322077184, "nom_obj": "Vialidad", "nom_geo": "Gobernador Gregorio V. Gelati", "nom_cono": "N/D", "term_gen": "Privada", "clase_geo": "Servicios e instalaciones", "calif_pos": "Definida", "codigo": 3158.0, "School_count": 0, "schoolscount": 0, "crime_count": 0 }, "geometry": { "type": "MultiLineString", "coordinates": [ [ [ -99.187849099999937, 19.4127834 ], [ -99.18805, 19.412268200000028 ] ] ] } },
{ "type": "Feature", "properties": { "id": 322077201, "nom_obj": "Vialidad", "nom_geo": "13 de Septiembre", "nom_cono": "N/D", "term_gen": "Calle", "clase_geo": "Servicios e instalaciones", "calif_pos": "Definida", "codigo": 3164.0, "School_count": 0, "schoolscount": 0, "crime_count": 25 }, "geometry": { "type": "MultiLineString", "coordinates": [ [ [ -99.180005149999943, 19.399161500000041 ], [ -99.180147449999936, 19.3972982 ] ] ] } },
{ "type": "Feature", "properties": { "id": 322077224, "nom_obj": "Vialidad", "nom_geo": "Gobernador Joaquín A. Pérez", "nom_cono": "N/D", "term_gen": "Calle", "clase_geo": "Servicios e instalaciones", "calif_pos": "Definida", "codigo": 3164.0, "School_count": 0, "schoolscount": 0, "crime_count": 22 }, "geometry": { "type": "MultiLineString", "coordinates": [ [ [ -99.185253449999948, 19.4093521500001 ], [ -99.185380449999968, 19.408344500000041 ], [ -99.185438199999979, 19.40789865000005 ] ] ] } },
{ "type": "Feature", "properties": { "id": 322077225, "nom_obj": "Vialidad", "nom_geo": "Privada Antonio Maceo", "nom_cono": "N/D", "term_gen": "Calle", "clase_geo": "Servicios e instalaciones", "calif_pos": "Definida", "codigo": 3164.0, "School_count": 0, "schoolscount": 0, "crime_count": 11 }, "geometry": { "type": "MultiLineString", "coordinates": [ [ [ -99.185038599999984, 19.405268550000056 ], [ -99.184700599999985, 19.406429850000094 ] ] ] } },
{ "type": "Feature", "properties": { "id": 322077239, "nom_obj": "Vialidad", "nom_geo": "Privada Heredia", "nom_cono": "N/D", "term_gen": "Calle", "clase_geo": "Servicios e instalaciones", "calif_pos": "Definida", "codigo": 3164.0, "School_count": 0, "schoolscount": 0, "crime_count": 8 }, "geometry": { "type": "MultiLineString", "coordinates": [ [ [ -99.183828199999937, 19.402621350000064 ], [ -99.183780449999972, 19.40332230000006 ] ] ] } },
{ "type": "Feature", "properties": { "id": 322077244, "nom_obj": "Vialidad", "nom_geo": "N/D", "nom_cono": "N/D", "term_gen": "Privada", "clase_geo": "Servicios e instalaciones", "calif_pos": "Definida", "codigo": 3158.0, "School_count": 0, "schoolscount": 0, "crime_count": 5 }, "geometry": { "type": "MultiLineString", "coordinates": [ [ [ -99.18607824999998, 19.410460400000066 ], [ -99.185822349999981, 19.410410950000053 ] ] ] } },
{ "type": "Feature", "properties": { "id": 322077255, "nom_obj": "Vialidad", "nom_geo": "Presidente Miguel Alemán", "nom_cono": "N/D", "term_gen": "Viaducto", "clase_geo": "Servicios e instalaciones", "calif_pos": "Definida", "codigo": 3163.0, "School_count": 0, "schoolscount": 0, "crime_count": 8 }, "geometry": { "type": "MultiLineString", "coordinates": [ [ [ -99.176587, 19.398850450000054 ], [ -99.17639134999996, 19.39854290000007 ], [ -99.176338549999969, 19.398457 ], [ -99.176329449999969, 19.398383500000044 ], [ -99.176347799999974, 19.398303250000065 ], [ -99.176393399999938, 19.398223550000068 ], [ -99.176461349999954, 19.398165850000062 ], [ -99.17769629999998, 19.397899800000047 ] ] ] } },
{ "type": "Feature", "properties": { "id": 322077258, "nom_obj": "Vialidad", "nom_geo": "Primera Puente de la Morena", "nom_cono": "N/D", "term_gen": "Cerrada", "clase_geo": "Servicios e instalaciones", "calif_pos": "Definida", "codigo": 3148.0, "School_count": 0, "schoolscount": 0, "crime_count": 4 }, "geometry": { "type": "MultiLineString", "coordinates": [ [ [ -99.184259549999979, 19.399280600000054 ], [ -99.184151749999955, 19.399310350000075 ], [ -99.184039799999937, 19.399346650000041 ], [ -99.184037299999943, 19.399468350000028 ], [ -99.183731499999979, 19.399495300000055 ], [ -99.183228549999967, 19.399503300000028 ] ] ] } },
{ "type": "Feature", "properties": { "id": 322077264, "nom_obj": "Vialidad", "nom_geo": "Mártires de Tacubaya", "nom_cono": "N/D", "term_gen": "Privada", "clase_geo": "Servicios e instalaciones", "calif_pos": "Definida", "codigo": 3158.0, "School_count": 0, "schoolscount": 0, "crime_count": 6 }, "geometry": { "type": "MultiLineString", "coordinates": [ [ [ -99.184156499999972, 19.396756 ], [ -99.18465944999997, 19.396725050000043 ], [ -99.184682699999939, 19.397083800000075 ] ] ] } },
{ "type": "Feature", "properties": { "id": 322077276, "nom_obj": "Vialidad", "nom_geo": "Primera 11 de Abril", "nom_cono": "N/D", "term_gen": "Cerrada", "clase_geo": "Servicios e instalaciones", "calif_pos": "Definida", "codigo": 3148.0, "School_count": 0, "schoolscount": 0, "crime_count": 1 }, "geometry": { "type": "MultiLineString", "coordinates": [ [ [ -99.181409, 19.397070100000057 ], [ -99.181581, 19.39800265 ] ] ] } },
{ "type": "Feature", "properties": { "id": 322077277, "nom_obj": "Vialidad", "nom_geo": "Segunda Puente la Morena", "nom_cono": "N/D", "term_gen": "Cerrada", "clase_geo": "Servicios e instalaciones", "calif_pos": "Definida", "codigo": 3148.0, "School_count": 0, "schoolscount": 0, "crime_count": 0 }, "geometry": { "type": "MultiLineString", "coordinates": [ [ [ -99.182734349999976, 19.397552750000052 ], [ -99.182031149999943, 19.397773050000076 ] ] ] } },
{ "type": "Feature", "properties": { "id": 322077348, "nom_obj": "Vialidad", "nom_geo": "Ingeniero Ricardo Toscano", "nom_cono": "N/D", "term_gen": "Calle", "clase_geo": "Servicios e instalaciones", "calif_pos": "Definida", "codigo": 3164.0, "School_count": 0, "schoolscount": 0, "crime_count": 16 }, "geometry": { "type": "MultiLineString", "coordinates": [ [ [ -99.189302649999945, 19.403424850000022 ], [ -99.188323399999945, 19.403370200000037 ] ] ] } },
{ "type": "Feature", "properties": { "id": 322077421, "nom_obj": "Vialidad", "nom_geo": "Jalisco", "nom_cono": "N/D", "term_gen": "Avenida", "clase_geo": "Servicios e instalaciones", "calif_pos": "Definida", "codigo": 3144.0, "School_count": 0, "schoolscount": 0, "crime_count": 18 }, "geometry": { "type": "MultiLineString", "coordinates": [ [ [ -99.186691099999962, 19.403357 ], [ -99.186692199999982, 19.403548800000067 ], [ -99.186714799999947, 19.403676300000029 ], [ -99.186748299999977, 19.403768050000032 ], [ -99.186812349999968, 19.403848350000036 ], [ -99.18695959999998, 19.4039357 ] ] ] } },
{ "type": "Feature", "properties": { "id": 322077455, "nom_obj": "Vialidad", "nom_geo": "Comercio", "nom_cono": "N/D", "term_gen": "Calle", "clase_geo": "Servicios e instalaciones", "calif_pos": "Definida", "codigo": 3164.0, "School_count": 0, "schoolscount": 0, "crime_count": 68 }, "geometry": { "type": "MultiLineString", "coordinates": [ [ [ -99.177146373676464, 19.405453920165755 ], [ -99.177280899999971, 19.405076900000029 ], [ -99.177590099999975, 19.404134050000039 ], [ -99.177617549999979, 19.404050300000037 ], [ -99.177858549999939, 19.403395950000093 ], [ -99.178236549999951, 19.402420600000038 ], [ -99.178265399999987, 19.402346250000083 ], [ -99.178928049999968, 19.400510100000062 ], [ -99.179008399999987, 19.400291500000058 ], [ -99.179268149999984, 19.399633700000063 ] ] ] } },
{ "type": "Feature", "properties": { "id": 322077458, "nom_obj": "Vialidad", "nom_geo": "Prosperidad", "nom_cono": "N/D", "term_gen": "Calle", "clase_geo": "Servicios e instalaciones", "calif_pos": "Definida", "codigo": 3164.0, "School_count": 0, "schoolscount": 0, "crime_count": 47 }, "geometry": { "type": "MultiLineString", "coordinates": [ [ [ -99.174407979366109, 19.404528149916143 ], [ -99.174727449999978, 19.403703800000059 ], [ -99.174891449999961, 19.403254900000046 ], [ -99.174943949999943, 19.403111350000085 ], [ -99.17550135, 19.401538 ], [ -99.175525849999985, 19.401468850000086 ], [ -99.17598, 19.400232550000062 ], [ -99.176286499999946, 19.399414200000017 ], [ -99.176298849999966, 19.399381150000078 ], [ -99.176490749999971, 19.398797300000101 ] ] ] } },
{ "type": "Feature", "properties": { "id": 322077460, "nom_obj": "Vialidad", "nom_geo": "Circuito Interior", "nom_cono": "Patriotismo", "term_gen": "Circuito", "clase_geo": "Servicios e instalaciones", "calif_pos": "Definida", "codigo": 3149.0, "School_count": 0, "schoolscount": 0, "crime_count": 157 }, "geometry": { "type": "MultiLineString", "coordinates": [ [ [ -99.180944649999958, 19.397140800000052 ], [ -99.180619849999971, 19.398297150000072 ], [ -99.180314449999969, 19.399129950000042 ], [ -99.18029654999998, 19.399174100000049 ], [ -99.1801956, 19.399423 ], [ -99.180137549999984, 19.399619300000062 ], [ -99.180113899999981, 19.399684950000065 ], [ -99.180061149999972, 19.399831500000072 ], [ -99.17980584999998, 19.400600600000072 ], [ -99.17973354999998, 19.400805700000038 ], [ -99.179401499999983, 19.401754350000044 ], [ -99.179101049999986, 19.402604150000069 ], [ -99.179071049999948, 19.402685900000066 ], [ -99.178437, 19.404413050000073 ], [ -99.177946799999972, 19.405748350000074 ] ] ] } },
{ "type": "Feature", "properties": { "id": 322077461, "nom_obj": "Vialidad", "nom_geo": "Presidente Miguel Alemán", "nom_cono": "N/D", "term_gen": "Viaducto", "clase_geo": "Servicios e instalaciones", "calif_pos": "Definida", "codigo": 3163.0, "School_count": 0, "schoolscount": 0, "crime_count": 167 }, "geometry": { "type": "MultiLineString", "coordinates": [ [ [ -99.170497799999964, 19.399800150000015 ], [ -99.172254349999946, 19.3992340500001 ], [ -99.173107099999982, 19.398973450000014 ], [ -99.173382149999952, 19.398889400000016 ], [ -99.17356848903259, 19.398832078708008 ] ], [ [ -99.174281252574332, 19.398612835412994 ], [ -99.174467849999985, 19.398555450000078 ], [ -99.174467932216515, 19.398555408891809 ] ], [ [ -99.174468103100651, 19.398555356257017 ], [ -99.174469, 19.398555100000067 ], [ -99.174518899999953, 19.398540150000024 ], [ -99.175396649999982, 19.398317400000028 ], [ -99.175641549999966, 19.39834320000006 ], [ -99.175784, 19.398392800000085 ], [ -99.176490749999971, 19.398797300000101 ], [ -99.176587, 19.398850450000054 ], [ -99.177357249999943, 19.399275850000024 ], [ -99.178158099999962, 19.399553050000062 ], [ -99.178276599999947, 19.399567650000023 ], [ -99.179268149999984, 19.399633700000063 ], [ -99.180113899999981, 19.399684950000065 ], [ -99.181192799999963, 19.399750300000061 ], [ -99.183414649999975, 19.399909350000037 ], [ -99.184566049999944, 19.399964700000066 ], [ -99.184939499999984, 19.399988350000065 ], [ -99.185446199999944, 19.40001945000007 ], [ -99.185636, 19.40003065000008 ], [ -99.185807699999941, 19.40003580000004 ], [ -99.185975649999989, 19.400027400000067 ], [ -99.186141949999978, 19.40000175000004 ], [ -99.186306449999961, 19.39996450000006 ], [ -99.1864594, 19.399923650000051 ], [ -99.186691199999984, 19.399890150000022 ], [ -99.187122099999954, 19.399816650000073 ], [ -99.18809129999994, 19.39972575000008 ], [ -99.188736349999942, 19.399714850000066 ], [ -99.189779949999945, 19.399711600000057 ], [ -99.190935334286422, 19.399803543047824 ] ] ] } },
{ "type": "Feature", "properties": { "id": 322077468, "nom_obj": "Vialidad", "nom_geo": "Primero de Mayo", "nom_cono": "N/D", "term_gen": "Avenida", "clase_geo": "Servicios e instalaciones", "calif_pos": "Definida", "codigo": 3144.0, "School_count": 0, "schoolscount": 0, "crime_count": 40 }, "geometry": { "type": "MultiLineString", "coordinates": [ [ [ -99.184995349999951, 19.399085650000021 ], [ -99.185202299999958, 19.398793050000073 ], [ -99.1853627, 19.398522400000033 ], [ -99.185910099999944, 19.397711050000051 ], [ -99.185960699999953, 19.39763610000006 ], [ -99.186258099999975, 19.3972125 ], [ -99.186273249999942, 19.397196050000044 ], [ -99.18638894999998, 19.397024150000039 ], [ -99.18639025, 19.397003200000025 ], [ -99.186427699999967, 19.396396250000073 ], [ -99.186444799999947, 19.395686900000069 ] ] ] } },
{ "type": "Feature", "properties": { "id": 322077470, "nom_obj": "Vialidad", "nom_geo": "Tránsito", "nom_cono": "N/D", "term_gen": "Avenida", "clase_geo": "Servicios e instalaciones", "calif_pos": "Definida", "codigo": 3144.0, "School_count": 0, "schoolscount": 0, "crime_count": 37 }, "geometry": { "type": "MultiLineString", "coordinates": [ [ [ -99.18646339999998, 19.401702650000043 ], [ -99.186455249999938, 19.401473250000045 ], [ -99.186431949999985, 19.4008198 ], [ -99.1864594, 19.399923650000051 ] ] ] } },
{ "type": "Feature", "properties": { "id": 322077471, "nom_obj": "Vialidad", "nom_geo": "Carlos B. Zetina", "nom_cono": "N/D", "term_gen": "Calle", "clase_geo": "Servicios e instalaciones", "calif_pos": "Definida", "codigo": 3164.0, "School_count": 0, "schoolscount": 0, "crime_count": 25 }, "geometry": { "type": "MultiLineString", "coordinates": [ [ [ -99.183414649999975, 19.399909350000037 ], [ -99.183414299999981, 19.40045415000003 ], [ -99.183412749999945, 19.400733800000026 ], [ -99.183382049999977, 19.401495650000058 ], [ -99.183376799999962, 19.401595450000045 ], [ -99.18335529999996, 19.402326950000031 ], [ -99.183335899999975, 19.402600650000089 ], [ -99.183317599999953, 19.403338250000036 ] ] ] } },
{ "type": "Feature", "properties": { "id": 322077479, "nom_obj": "Vialidad", "nom_geo": "Puente de la Morena", "nom_cono": "N/D", "term_gen": "Avenida", "clase_geo": "Servicios e instalaciones", "calif_pos": "Definida", "codigo": 3144.0, "School_count": 0, "schoolscount": 0, "crime_count": 42 }, "geometry": { "type": "MultiLineString", "coordinates": [ [ [ -99.184939499999984, 19.399988350000065 ], [ -99.184305849999987, 19.399328750000048 ], [ -99.184259549999979, 19.399280600000054 ], [ -99.18401369999998, 19.399024700000048 ], [ -99.18382859999997, 19.398816550000053 ], [ -99.183138499999984, 19.398047450000067 ], [ -99.182734349999976, 19.397552750000052 ], [ -99.182479699999988, 19.397197800000058 ], [ -99.182239549999963, 19.396894550000081 ] ] ] } },
{ "type": "Feature", "properties": { "id": 322077480, "nom_obj": "Vialidad", "nom_geo": "Héroes de 1810", "nom_cono": "N/D", "term_gen": "Calle", "clase_geo": "Servicios e instalaciones", "calif_pos": "Definida", "codigo": 3164.0, "School_count": 0, "schoolscount": 0, "crime_count": 21 }, "geometry": { "type": "MultiLineString", "coordinates": [ [ [ -99.18501575, 19.398698650000028 ], [ -99.184367499999951, 19.398755650000062 ], [ -99.18382859999997, 19.398816550000053 ] ] ] } },
{ "type": "Feature", "properties": { "id": 322077481, "nom_obj": "Vialidad", "nom_geo": "Héroes de Padierna", "nom_cono": "N/D", "term_gen": "Calle", "clase_geo": "Servicios e instalaciones", "calif_pos": "Definida", "codigo": 3164.0, "School_count": 0, "schoolscount": 0, "crime_count": 14 }, "geometry": { "type": "MultiLineString", "coordinates": [ [ [ -99.185077649999982, 19.398001350000076 ], [ -99.18440819999995, 19.398019550000072 ], [ -99.18334545, 19.39799785 ], [ -99.183138499999984, 19.398047450000067 ] ] ] } },
{ "type": "Feature", "properties": { "id": 322077482, "nom_obj": "Vialidad", "nom_geo": "Héroes de Padierna", "nom_cono": "N/D", "term_gen": "Calle", "clase_geo": "Servicios e instalaciones", "calif_pos": "Definida", "codigo": 3164.0, "School_count": 0, "schoolscount": 0, "crime_count": 57 }, "geometry": { "type": "MultiLineString", "coordinates": [ [ [ -99.185101, 19.397702600000066 ], [ -99.18581839999996, 19.397712150000075 ], [ -99.185910099999944, 19.397711050000051 ], [ -99.1876617, 19.39769070000003 ], [ -99.188654349999979, 19.397711200000046 ], [ -99.18957359999996, 19.397732150000081 ], [ -99.189922799999977, 19.397706550000052 ] ] ] } },
{ "type": "Feature", "properties": { "id": 322077484, "nom_obj": "Vialidad", "nom_geo": "Patriotismo", "nom_cono": "N/D", "term_gen": "Privada", "clase_geo": "Servicios e instalaciones", "calif_pos": "Definida", "codigo": 3158.0, "School_count": 0, "schoolscount": 0, "crime_count": 9 }, "geometry": { "type": "MultiLineString", "coordinates": [ [ [ -99.181541, 19.398294150000016 ], [ -99.181161199999963, 19.39829 ], [ -99.180619849999971, 19.398297150000072 ] ] ] } },
{ "type": "Feature", "properties": { "id": 322077485, "nom_obj": "Vialidad", "nom_geo": "Héroes de 1821", "nom_cono": "N/D", "term_gen": "Privada", "clase_geo": "Servicios e instalaciones", "calif_pos": "Definida", "codigo": 3158.0, "School_count": 0, "schoolscount": 0, "crime_count": 13 }, "geometry": { "type": "MultiLineString", "coordinates": [ [ [ -99.184440799999948, 19.397790250000085 ], [ -99.18440819999995, 19.398019550000072 ], [ -99.1843654, 19.398703450000031 ], [ -99.184367499999951, 19.398755650000062 ], [ -99.184305849999987, 19.399328750000048 ] ] ] } },
{ "type": "Feature", "properties": { "id": 322077486, "nom_obj": "Vialidad", "nom_geo": "Circuito Interior", "nom_cono": "José Vasconcelos", "term_gen": "Circuito", "clase_geo": "Servicios e instalaciones", "calif_pos": "Definida", "codigo": 3149.0, "School_count": 0, "schoolscount": 0, "crime_count": 37 }, "geometry": { "type": "MultiLineString", "coordinates": [ [ [ -99.182952518927848, 19.410353300704209 ], [ -99.182897949999983, 19.41045140000006 ], [ -99.1822666, 19.411505350000041 ], [ -99.181669899999974, 19.412408300000024 ], [ -99.181367099999989, 19.412843200000065 ], [ -99.181207349999966, 19.413083 ], [ -99.181089099999951, 19.413302550000022 ], [ -99.180590399999971, 19.414198350000039 ], [ -99.1804254, 19.414539900000033 ], [ -99.180076249999956, 19.415130650000044 ], [ -99.179803449999952, 19.415592200000017 ], [ -99.17960254999997, 19.415946650000034 ], [ -99.179045749999943, 19.41697405 ], [ -99.178996149999989, 19.41704985000008 ], [ -99.178379699999937, 19.418141250000087 ], [ -99.178206949999947, 19.418428150000068 ], [ -99.178047249999977, 19.418702300000078 ], [ -99.177963, 19.41888920000001 ], [ -99.177911549999976, 19.419030650000028 ], [ -99.177850299999989, 19.41920645000004 ], [ -99.1778235, 19.41932920000006 ], [ -99.17780889999996, 19.419447350000063 ], [ -99.177793, 19.419701650000039 ], [ -99.177796499999943, 19.419826900000018 ], [ -99.177796349999937, 19.419829400000083 ], [ -99.177805599999942, 19.419967950000085 ], [ -99.177820449999956, 19.4205793 ], [ -99.177830049999955, 19.420973700000062 ], [ -99.177835149999964, 19.421183300000017 ], [ -99.177837949999969, 19.421299800000035 ], [ -99.177841599999965, 19.421449400000018 ], [ -99.177863799999955, 19.422328300000054 ], [ -99.1778657, 19.422627550000055 ], [ -99.177863799999955, 19.422815450000034 ], [ -99.177848349999977, 19.422976300000059 ], [ -99.1778275, 19.423104400000078 ], [ -99.177800799999943, 19.423220950000054 ], [ -99.177730399999973, 19.423399900000046 ], [ -99.177668499999982, 19.423590399999966 ] ] ] } },
{ "type": "Feature", "properties": { "id": 322077490, "nom_obj": "Vialidad", "nom_geo": "General Juan Cano", "nom_cono": "N/D", "term_gen": "Calle", "clase_geo": "Servicios e instalaciones", "calif_pos": "Definida", "codigo": 3164.0, "School_count": 0, "schoolscount": 0, "crime_count": 96 }, "geometry": { "type": "MultiLineString", "coordinates": [ [ [ -99.183713749999981, 19.415847800000058 ], [ -99.183755699999949, 19.415716150000026 ], [ -99.184243249999952, 19.414526450000036 ], [ -99.184255749999977, 19.414461800000048 ], [ -99.184275, 19.414362100000073 ], [ -99.184668249999959, 19.413422950000026 ], [ -99.18470455, 19.41333625000005 ], [ -99.18489859999994, 19.412848850000049 ], [ -99.185062649999963, 19.412443350000039 ], [ -99.185077049999961, 19.412387800000044 ], [ -99.185097799999937, 19.412307850000055 ], [ -99.185253149999937, 19.41193095000008 ], [ -99.18546625, 19.411403600000035 ], [ -99.185483599999941, 19.41135765000006 ], [ -99.185549649999984, 19.411182700000051 ], [ -99.185822349999981, 19.410410950000053 ], [ -99.185833849999938, 19.410344050000042 ], [ -99.185843899999952, 19.410248300000035 ], [ -99.185857499999941, 19.410079800000055 ], [ -99.185900249999975, 19.409380500000083 ], [ -99.185907399999962, 19.40933450000006 ], [ -99.185914249999939, 19.409290600000059 ], [ -99.185959299999979, 19.408577950000062 ], [ -99.185993849999988, 19.407984 ], [ -99.18600349999997, 19.407872200000043 ], [ -99.18601504999998, 19.407738850000058 ], [ -99.186045749999963, 19.407233050000066 ], [ -99.186044, 19.406828350000069 ], [ -99.186033499999951, 19.406456050000049 ], [ -99.185974349999981, 19.405797050000043 ] ] ] } },
{ "type": "Feature", "properties": { "id": 322077493, "nom_obj": "Vialidad", "nom_geo": "Unión", "nom_cono": "N/D", "term_gen": "Calle", "clase_geo": "Servicios e instalaciones", "calif_pos": "Definida", "codigo": 3164.0, "School_count": 0, "schoolscount": 0, "crime_count": 52 }, "geometry": { "type": "MultiLineString", "coordinates": [ [ [ -99.175641549999966, 19.39834320000006 ], [ -99.175410099999965, 19.3990499 ], [ -99.175391349999984, 19.399100400000069 ], [ -99.175016699999958, 19.400108500000055 ], [ -99.174618499999951, 19.401178500000078 ], [ -99.174594949999985, 19.401245700000064 ], [ -99.174344599999984, 19.40195880000007 ], [ -99.17401504999998, 19.402861800000043 ], [ -99.173978049999974, 19.402960350000047 ], [ -99.173747049999989, 19.403576050000041 ], [ -99.173512081893094, 19.404225131445379 ] ] ] } },
{ "type": "Feature", "properties": { "id": 322077494, "nom_obj": "Vialidad", "nom_geo": "Gobernador Protasio Pérez de Tagle", "nom_cono": "N/D", "term_gen": "Calle", "clase_geo": "Servicios e instalaciones", "calif_pos": "Definida", "codigo": 3164.0, "School_count": 0, "schoolscount": 0, "crime_count": 62 }, "geometry": { "type": "MultiLineString", "coordinates": [ [ [ -99.184984349999979, 19.409364400000065 ], [ -99.18479659999997, 19.409793250000071 ], [ -99.18473709999995, 19.409939400000027 ], [ -99.184711399999969, 19.410002650000017 ], [ -99.184358749999959, 19.410926350000075 ], [ -99.184349149999946, 19.410949600000052 ], [ -99.184037299999943, 19.411708650000044 ], [ -99.183954049999954, 19.41192 ], [ -99.183943749999969, 19.411978550000075 ], [ -99.183933449999984, 19.412036650000079 ], [ -99.183538599999977, 19.412964300000098 ], [ -99.183517499999937, 19.413017350000075 ], [ -99.183118799999988, 19.414018750000029 ], [ -99.183106099999975, 19.414062400000027 ], [ -99.183076199999959, 19.414165450000038 ], [ -99.18290175, 19.414609600000077 ], [ -99.182639, 19.415328 ], [ -99.182604399999946, 19.41542255000007 ], [ -99.182471799999973, 19.415748100000016 ], [ -99.182276449999961, 19.416178900000016 ], [ -99.182214399999964, 19.416315650000044 ] ] ] } },
{ "type": "Feature", "properties": { "id": 322077495, "nom_obj": "Vialidad", "nom_geo": "Gobernador Ignacio Esteva", "nom_cono": "N/D", "term_gen": "Calle", "clase_geo": "Servicios e instalaciones", "calif_pos": "Definida", "codigo": 3164.0, "School_count": 0, "schoolscount": 0, "crime_count": 36 }, "geometry": { "type": "MultiLineString", "coordinates": [ [ [ -99.18644734999998, 19.411693400000043 ], [ -99.186827549999975, 19.410739250000059 ], [ -99.187781649999977, 19.411029200000041 ], [ -99.187844649999988, 19.41104020000007 ], [ -99.187920149999968, 19.411053350000028 ], [ -99.188479849999965, 19.411236400000057 ], [ -99.188833699999975, 19.411355650000075 ], [ -99.188985449999961, 19.411408650000055 ], [ -99.189290299999982, 19.41151520000005 ], [ -99.190112049999982, 19.4118157 ], [ -99.190160549999973, 19.411833450000078 ], [ -99.191136349999965, 19.412180050000064 ], [ -99.191248199999976, 19.41227085000002 ] ] ] } },
{ "type": "Feature", "properties": { "id": 322077496, "nom_obj": "Vialidad", "nom_geo": "Gobernador Rafael Rebollar", "nom_cono": "N/D", "term_gen": "Calle", "clase_geo": "Servicios e instalaciones", "calif_pos": "Definida", "codigo": 3164.0, "School_count": 0, "schoolscount": 0, "crime_count": 71 }, "geometry": { "type": "MultiLineString", "coordinates": [ [ [ -99.187794649999944, 19.407101450000027 ], [ -99.187875149999968, 19.407703600000058 ], [ -99.187909499999989, 19.407819750000066 ], [ -99.187914649999982, 19.407920100000059 ], [ -99.187967049999941, 19.40891065000007 ], [ -99.187953399999984, 19.409251250000072 ], [ -99.187951449999957, 19.409299950000058 ], [ -99.187965549999944, 19.40996575000003 ], [ -99.187966149999966, 19.409994350000037 ], [ -99.187973949999957, 19.410227050000056 ], [ -99.187981099999945, 19.410677900000053 ], [ -99.187844649999988, 19.41104020000007 ], [ -99.18783, 19.411079100000038 ], [ -99.187527949999946, 19.411816700000024 ], [ -99.187433, 19.412045300000052 ], [ -99.187360449999971, 19.41222 ], [ -99.187214899999958, 19.41260745000006 ], [ -99.187044349999965, 19.413088100000063 ], [ -99.186846849999938, 19.413575 ], [ -99.186649149999937, 19.414075600000054 ], [ -99.18662285, 19.414138550000075 ], [ -99.18638, 19.414720050000057 ] ] ] } },
{ "type": "Feature", "properties": { "id": 322077498, "nom_obj": "Vialidad", "nom_geo": "Gobernador Gregorio V. Gelati", "nom_cono": "N/D", "term_gen": "Calle", "clase_geo": "Servicios e instalaciones", "calif_pos": "Definida", "codigo": 3164.0, "School_count": 0, "schoolscount": 0, "crime_count": 67 }, "geometry": { "type": "MultiLineString", "coordinates": [ [ [ -99.189913049999973, 19.412909550000052 ], [ -99.18970614999995, 19.412846250000033 ], [ -99.189539349999961, 19.412799 ], [ -99.188575549999939, 19.412455500000068 ], [ -99.18805, 19.412268200000028 ], [ -99.187433, 19.412045300000052 ], [ -99.187352049999959, 19.412016050000027 ], [ -99.18644734999998, 19.411693400000043 ], [ -99.185483599999941, 19.41135765000006 ], [ -99.185274899999968, 19.411284950000038 ], [ -99.184349149999946, 19.410949600000052 ], [ -99.184046899999956, 19.41084010000003 ], [ -99.18304379999995, 19.410503 ], [ -99.182897949999983, 19.41045140000006 ] ] ] } },
{ "type": "Feature", "properties": { "id": 322077499, "nom_obj": "Vialidad", "nom_geo": "Gobernador Ignacio Esteva", "nom_cono": "N/D", "term_gen": "Calle", "clase_geo": "Servicios e instalaciones", "calif_pos": "Definida", "codigo": 3164.0, "School_count": 0, "schoolscount": 0, "crime_count": 32 }, "geometry": { "type": "MultiLineString", "coordinates": [ [ [ -99.183460589315587, 19.409476232355598 ], [ -99.1846695, 19.409914450000013 ], [ -99.18473709999995, 19.409939400000027 ], [ -99.185833849999938, 19.410344050000042 ] ] ] } },
{ "type": "Feature", "properties": { "id": 322077500, "nom_obj": "Vialidad", "nom_geo": "Minería", "nom_cono": "N/D", "term_gen": "Calle", "clase_geo": "Servicios e instalaciones", "calif_pos": "Definida", "codigo": 3164.0, "School_count": 0, "schoolscount": 0, "crime_count": 61 }, "geometry": { "type": "MultiLineString", "coordinates": [ [ [ -99.177683849999937, 19.397630150000101 ], [ -99.17769629999998, 19.397899800000047 ], [ -99.177701499999955, 19.398088350000023 ], [ -99.177687399999968, 19.398257800000106 ], [ -99.177640849999989, 19.398454 ], [ -99.177564749999988, 19.398688500000063 ], [ -99.177357249999943, 19.399275850000024 ], [ -99.17721679999994, 19.399649200000066 ], [ -99.17719169999998, 19.399718250000028 ], [ -99.176937099999975, 19.40041790000004 ], [ -99.176434749999942, 19.401757850000031 ], [ -99.176408199999969, 19.40183080000002 ], [ -99.17587045, 19.403308100000078 ], [ -99.175785449999978, 19.403543200000058 ], [ -99.175572899999963, 19.404131100000029 ], [ -99.175315839824208, 19.404830708931037 ] ] ] } },
{ "type": "Feature", "properties": { "id": 322077501, "nom_obj": "Vialidad", "nom_geo": "General Salvador Alvarado", "nom_cono": "N/D", "term_gen": "Calle", "clase_geo": "Servicios e instalaciones", "calif_pos": "Definida", "codigo": 3164.0, "School_count": 0, "schoolscount": 0, "crime_count": 63 }, "geometry": { "type": "MultiLineString", "coordinates": [ [ [ -99.179012149999949, 19.405732350000061 ], [ -99.179369349999945, 19.404809750000048 ], [ -99.17940015, 19.404728700000067 ], [ -99.17999955, 19.403151400000059 ], [ -99.180038549999949, 19.403025500000087 ], [ -99.180053499999985, 19.402978800000032 ], [ -99.18024749999995, 19.402372600000028 ], [ -99.180420899999945, 19.401867900000074 ], [ -99.180475, 19.401726700000037 ], [ -99.180781499999981, 19.400926650000034 ], [ -99.180901049999989, 19.400577200000026 ], [ -99.181060699999989, 19.400110450000053 ], [ -99.181192799999963, 19.399750300000061 ] ] ] } },
{ "type": "Feature", "properties": { "id": 322077502, "nom_obj": "Vialidad", "nom_geo": "Agricultura", "nom_cono": "N/D", "term_gen": "Calle", "clase_geo": "Servicios e instalaciones", "calif_pos": "Definida", "codigo": 3164.0, "School_count": 0, "schoolscount": 0, "crime_count": 56 }, "geometry": { "type": "MultiLineString", "coordinates": [ [ [ -99.176227338504404, 19.405131714433971 ], [ -99.176403649999941, 19.404640900000068 ], [ -99.176688299999967, 19.40383590000005 ], [ -99.176712899999984, 19.403766300000051 ], [ -99.176999149999972, 19.402976100000032 ], [ -99.177322549999985, 19.402123600000014 ], [ -99.177356799999984, 19.402033350000057 ], [ -99.177915949999942, 19.400510350000062 ], [ -99.178113549999978, 19.399993900000034 ], [ -99.178276599999947, 19.399567650000023 ] ] ] } },
{ "type": "Feature", "properties": { "id": 322077505, "nom_obj": "Vialidad", "nom_geo": "General Pedro Antonio de los Santos", "nom_cono": "N/D", "term_gen": "Avenida", "clase_geo": "Servicios e instalaciones", "calif_pos": "Definida", "codigo": 3144.0, "School_count": 0, "schoolscount": 0, "crime_count": 46 }, "geometry": { "type": "MultiLineString", "coordinates": [ [ [ -99.18304379999995, 19.410503 ], [ -99.182575499999984, 19.411511700000059 ], [ -99.182328849999976, 19.412103400000049 ], [ -99.182163599999967, 19.412476750000049 ], [ -99.182140599999968, 19.412535 ], [ -99.181740099999956, 19.413551500000057 ], [ -99.181740049999974, 19.413551650000045 ], [ -99.18171005, 19.413625150000048 ], [ -99.181336099999953, 19.414653900000076 ], [ -99.181272699999965, 19.414836150000056 ], [ -99.181107749999967, 19.415310050000073 ], [ -99.180814, 19.415990900000065 ], [ -99.180787749999979, 19.416265050000035 ], [ -99.180792099999962, 19.416347150000018 ], [ -99.18080544999998, 19.416435150000066 ], [ -99.1808395, 19.416561950000077 ] ] ] } },
{ "type": "Feature", "properties": { "id": 322077507, "nom_obj": "Vialidad", "nom_geo": "General Antonio León", "nom_cono": "N/D", "term_gen": "Calle", "clase_geo": "Servicios e instalaciones", "calif_pos": "Definida", "codigo": 3164.0, "School_count": 0, "schoolscount": 0, "crime_count": 36 }, "geometry": { "type": "MultiLineString", "coordinates": [ [ [ -99.18714515, 19.414331650000069 ], [ -99.18662285, 19.414138550000075 ], [ -99.18561434999998, 19.413765800000061 ], [ -99.185480899999959, 19.413716450000031 ], [ -99.184668249999959, 19.413422950000026 ], [ -99.184439499999954, 19.413340300000076 ], [ -99.183517499999937, 19.413017350000075 ], [ -99.183411399999954, 19.412980200000053 ], [ -99.182226949999972, 19.412558250000071 ], [ -99.182140599999968, 19.412535 ], [ -99.181669899999974, 19.412408300000024 ] ] ] } },
{ "type": "Feature", "properties": { "id": 322077509, "nom_obj": "Vialidad", "nom_geo": "General Francisco Fagoaga", "nom_cono": "N/D", "term_gen": "Calle", "clase_geo": "Servicios e instalaciones", "calif_pos": "Definida", "codigo": 3164.0, "School_count": 0, "schoolscount": 0, "crime_count": 26 }, "geometry": { "type": "MultiLineString", "coordinates": [ [ [ -99.187044349999965, 19.413088100000063 ], [ -99.188124949999974, 19.413475050000056 ], [ -99.188533599999971, 19.413618 ] ] ] } },
{ "type": "Feature", "properties": { "id": 322077512, "nom_obj": "Vialidad", "nom_geo": "Gobernador García Conde", "nom_cono": "N/D", "term_gen": "Calle", "clase_geo": "Servicios e instalaciones", "calif_pos": "Definida", "codigo": 3164.0, "School_count": 0, "schoolscount": 0, "crime_count": 11 }, "geometry": { "type": "MultiLineString", "coordinates": [ [ [ -99.187214899999958, 19.41260745000006 ], [ -99.186197199999981, 19.412256500000062 ], [ -99.185253149999937, 19.41193095000008 ] ] ] } },
{ "type": "Feature", "properties": { "id": 322077514, "nom_obj": "Vialidad", "nom_geo": "General Zuazua", "nom_cono": "N/D", "term_gen": "Calle", "clase_geo": "Servicios e instalaciones", "calif_pos": "Definida", "codigo": 3164.0, "School_count": 0, "schoolscount": 0, "crime_count": 21 }, "geometry": { "type": "MultiLineString", "coordinates": [ [ [ -99.186846849999938, 19.413575 ], [ -99.185846049999952, 19.413205750000042 ], [ -99.185787549999986, 19.413184150000088 ], [ -99.18489859999994, 19.412848850000049 ] ] ] } },
{ "type": "Feature", "properties": { "id": 322077579, "nom_obj": "Vialidad", "nom_geo": "Jalisco", "nom_cono": "N/D", "term_gen": "Avenida", "clase_geo": "Servicios e instalaciones", "calif_pos": "Definida", "codigo": 3144.0, "School_count": 0, "schoolscount": 0, "crime_count": 517 }, "geometry": { "type": "MultiLineString", "coordinates": [ [ [ -99.189922799999977, 19.397706550000052 ], [ -99.189489649999985, 19.398429450000023 ], [ -99.188882199999966, 19.399453750000085 ], [ -99.188736349999942, 19.399714850000066 ], [ -99.188592749999941, 19.399980500000034 ], [ -99.188359699999978, 19.40038240000009 ], [ -99.188316399999962, 19.400460850000076 ], [ -99.188074499999971, 19.400765250000081 ], [ -99.187620549999963, 19.401506750000067 ], [ -99.18734354999998, 19.402000500000067 ], [ -99.187244, 19.402177950000066 ], [ -99.187103199999967, 19.402379400000047 ], [ -99.187041599999986, 19.402518500000056 ], [ -99.187012349999975, 19.40264775 ], [ -99.186981449999962, 19.402784150000059 ], [ -99.186958949999962, 19.402895 ], [ -99.186920449999946, 19.402997850000055 ], [ -99.186870099999965, 19.403087050000053 ], [ -99.186807399999964, 19.403176200000086 ], [ -99.186755599999969, 19.403246050000064 ], [ -99.186691099999962, 19.403357 ], [ -99.186375699999985, 19.403925650000069 ], [ -99.185623049999947, 19.405325200000071 ], [ -99.185369, 19.405782700000032 ], [ -99.18498029999995, 19.406494750000036 ], [ -99.1846397, 19.407233350000102 ], [ -99.184444199999973, 19.407631200000036 ], [ -99.184296102814002, 19.407842392412388 ] ] ] } },
{ "type": "Feature", "properties": { "id": 322077580, "nom_obj": "Vialidad", "nom_geo": "Antonio Maceo", "nom_cono": "N/D", "term_gen": "Calle", "clase_geo": "Servicios e instalaciones", "calif_pos": "Definida", "codigo": 3164.0, "School_count": 0, "schoolscount": 0, "crime_count": 44 }, "geometry": { "type": "MultiLineString", "coordinates": [ [ [ -99.183042499999942, 19.40511150000005 ], [ -99.183729949999986, 19.405166250000018 ], [ -99.183763099999965, 19.405167750000015 ], [ -99.184430499999962, 19.405197300000069 ], [ -99.18452805, 19.405208750000046 ], [ -99.185038599999984, 19.405268550000056 ], [ -99.185623049999947, 19.405325200000071 ] ] ] } },
{ "type": "Feature", "properties": { "id": 322077581, "nom_obj": "Vialidad", "nom_geo": "Gobernador José Guadalupe Covarrubias", "nom_cono": "N/D", "term_gen": "Calle", "clase_geo": "Servicios e instalaciones", "calif_pos": "Definida", "codigo": 3164.0, "School_count": 0, "schoolscount": 0, "crime_count": 41 }, "geometry": { "type": "MultiLineString", "coordinates": [ [ [ -99.18885419999998, 19.40631420000005 ], [ -99.188715499999944, 19.406328100000074 ], [ -99.187300899999968, 19.406417050000069 ], [ -99.186033499999951, 19.406456050000049 ], [ -99.185158299999955, 19.4064978000001 ], [ -99.18498029999995, 19.406494750000036 ] ] ] } },
{ "type": "Feature", "properties": { "id": 322077582, "nom_obj": "Vialidad", "nom_geo": "Gobernador Luis Gonzaga Vieyra", "nom_cono": "N/D", "term_gen": "Calle", "clase_geo": "Servicios e instalaciones", "calif_pos": "Definida", "codigo": 3164.0, "School_count": 0, "schoolscount": 0, "crime_count": 32 }, "geometry": { "type": "MultiLineString", "coordinates": [ [ [ -99.189221049999958, 19.407025900000043 ], [ -99.188827949999961, 19.407048750000051 ], [ -99.187794649999944, 19.407101450000027 ], [ -99.187326749999954, 19.407123950000024 ], [ -99.186828399999968, 19.407151800000065 ], [ -99.186045749999963, 19.407233050000066 ], [ -99.18583364999995, 19.407232800000049 ], [ -99.1846397, 19.407233350000102 ] ] ] } },
{ "type": "Feature", "properties": { "id": 322077583, "nom_obj": "Vialidad", "nom_geo": "Gobernador Manuel Reyes Veramendi", "nom_cono": "N/D", "term_gen": "Calle", "clase_geo": "Servicios e instalaciones", "calif_pos": "Definida", "codigo": 3164.0, "School_count": 0, "schoolscount": 0, "crime_count": 38 }, "geometry": { "type": "MultiLineString", "coordinates": [ [ [ -99.188507199999947, 19.405619650000059 ], [ -99.187738649999972, 19.405673350000047 ], [ -99.187293099999977, 19.405694050000033 ], [ -99.186881849999963, 19.405724750000044 ], [ -99.186476949999985, 19.405754350000059 ], [ -99.185974349999981, 19.405797050000043 ], [ -99.185369, 19.405782700000032 ] ] ] } },
{ "type": "Feature", "properties": { "id": 322077584, "nom_obj": "Vialidad", "nom_geo": "José Martí", "nom_cono": "N/D", "term_gen": "Calle", "clase_geo": "Servicios e instalaciones", "calif_pos": "Definida", "codigo": 3164.0, "School_count": 0, "schoolscount": 0, "crime_count": 258 }, "geometry": { "type": "MultiLineString", "coordinates": [ [ [ -99.170466899999951, 19.39991665000003 ], [ -99.17140335, 19.400210500000071 ], [ -99.171865499999967, 19.400358450000063 ], [ -99.1723697, 19.400519900000077 ], [ -99.172441899999967, 19.400542800000029 ], [ -99.1727782, 19.40064965000003 ], [ -99.1732922, 19.40081285000003 ], [ -99.173692299999971, 19.400946350000059 ], [ -99.174430149999978, 19.401192600000083 ], [ -99.174594949999985, 19.401245700000064 ], [ -99.175405249999983, 19.401506900000072 ], [ -99.17550135, 19.401538 ], [ -99.176231, 19.401774050000046 ], [ -99.176408199999969, 19.40183080000002 ], [ -99.177322549999985, 19.402123600000014 ], [ -99.17760654999995, 19.402214550000057 ], [ -99.178236549999951, 19.402420600000038 ], [ -99.178764799999954, 19.402593400000068 ], [ -99.179071049999948, 19.402685900000066 ], [ -99.179826949999949, 19.402914100000029 ], [ -99.180053499999985, 19.402978800000032 ], [ -99.18085555, 19.403207850000051 ], [ -99.180961449999984, 19.403241250000061 ], [ -99.181614949999982, 19.403447350000047 ], [ -99.182514549999951, 19.403383800000064 ], [ -99.18320314999994, 19.403342550000026 ], [ -99.183317599999953, 19.403338250000036 ], [ -99.183780449999972, 19.40332230000006 ], [ -99.184505899999976, 19.403309450000062 ], [ -99.184659899999986, 19.403304550000026 ], [ -99.18588515, 19.403265600000047 ], [ -99.186716299999944, 19.403246950000035 ], [ -99.186755599999969, 19.403246050000064 ] ] ] } },
{ "type": "Feature", "properties": { "id": 322077592, "nom_obj": "Vialidad", "nom_geo": "Avenida Progreso", "nom_cono": "N/D", "term_gen": "Calle", "clase_geo": "Servicios e instalaciones", "calif_pos": "Definida", "codigo": 3164.0, "School_count": 0, "schoolscount": 0, "crime_count": 198 }, "geometry": { "type": "MultiLineString", "coordinates": [ [ [ -99.18498029999995, 19.406494750000036 ], [ -99.184700599999985, 19.406429850000094 ], [ -99.18441344999998, 19.406384 ], [ -99.184224599999936, 19.40635385000007 ], [ -99.18367754999997, 19.406171050000079 ], [ -99.182953099999978, 19.405923650000066 ], [ -99.182756749999953, 19.405856600000085 ], [ -99.182061699999963, 19.405620650000078 ], [ -99.181214049999937, 19.405340550000059 ], [ -99.181100499999957, 19.405303050000022 ], [ -99.180329849999964, 19.405041200000024 ], [ -99.180174649999969, 19.404988500000059 ], [ -99.17940015, 19.404728700000067 ], [ -99.179243649999989, 19.404676200000051 ], [ -99.178437, 19.404413050000073 ], [ -99.178214649999973, 19.404340550000018 ], [ -99.177590099999975, 19.404134050000039 ], [ -99.176688299999967, 19.40383590000005 ], [ -99.17650059999994, 19.403773850000025 ], [ -99.175785449999978, 19.403543200000058 ], [ -99.174891449999961, 19.403254900000046 ], [ -99.173978049999974, 19.402960350000047 ], [ -99.173817449999945, 19.402908550000049 ], [ -99.173050549999971, 19.402664400000074 ], [ -99.172145349999937, 19.402376300000071 ], [ -99.171688849999953, 19.402231 ], [ -99.171243299999958, 19.402087900000012 ], [ -99.170814449999966, 19.401950150000058 ] ] ] } },
{ "type": "Feature", "properties": { "id": 322077594, "nom_obj": "Vialidad", "nom_geo": "Observatorio Oriente", "nom_cono": "N/D", "term_gen": "Calle", "clase_geo": "Servicios e instalaciones", "calif_pos": "Definida", "codigo": 3164.0, "School_count": 0, "schoolscount": 0, "crime_count": 19 }, "geometry": { "type": "MultiLineString", "coordinates": [ [ [ -99.184616549999987, 19.404005650000052 ], [ -99.183789349999984, 19.404028600000068 ], [ -99.183144049999953, 19.403951400000047 ] ] ] } },
{ "type": "Feature", "properties": { "id": 322077595, "nom_obj": "Vialidad", "nom_geo": "Cerrada Antonio Maceo", "nom_cono": "N/D", "term_gen": "Calle", "clase_geo": "Servicios e instalaciones", "calif_pos": "Definida", "codigo": 3164.0, "School_count": 0, "schoolscount": 0, "crime_count": 18 }, "geometry": { "type": "MultiLineString", "coordinates": [ [ [ -99.183797949999985, 19.403742900000044 ], [ -99.183789349999984, 19.404028600000068 ], [ -99.183771799999988, 19.405065700000019 ], [ -99.183763099999965, 19.405167750000015 ], [ -99.18367754999997, 19.406171050000079 ] ] ] } },
{ "type": "Feature", "properties": { "id": 322077596, "nom_obj": "Vialidad", "nom_geo": "Arquitecto Carlos Lazo", "nom_cono": "N/D", "term_gen": "Calle", "clase_geo": "Servicios e instalaciones", "calif_pos": "Definida", "codigo": 3164.0, "School_count": 0, "schoolscount": 0, "crime_count": 183 }, "geometry": { "type": "MultiLineString", "coordinates": [ [ [ -99.187673, 19.402277750000071 ], [ -99.188401449999972, 19.402332100000041 ], [ -99.1893768, 19.402380900000029 ], [ -99.191350199999988, 19.402432450000081 ], [ -99.191351249999968, 19.402432500000074 ], [ -99.192077799999936, 19.402464550000037 ] ] ] } },
{ "type": "Feature", "properties": { "id": 322077597, "nom_obj": "Vialidad", "nom_geo": "Erasmo Castellanos Quinto", "nom_cono": "N/D", "term_gen": "Calle", "clase_geo": "Servicios e instalaciones", "calif_pos": "Definida", "codigo": 3164.0, "School_count": 0, "schoolscount": 0, "crime_count": 86 }, "geometry": { "type": "MultiLineString", "coordinates": [ [ [ -99.188401449999972, 19.402332100000041 ], [ -99.188323399999945, 19.403370200000037 ], [ -99.188283199999944, 19.40394680000006 ] ] ] } },
{ "type": "Feature", "properties": { "id": 322077598, "nom_obj": "Vialidad", "nom_geo": "Arquitecto Luis Ruiz", "nom_cono": "N/D", "term_gen": "Calle", "clase_geo": "Servicios e instalaciones", "calif_pos": "Definida", "codigo": 3164.0, "School_count": 0, "schoolscount": 0, "crime_count": 45 }, "geometry": { "type": "MultiLineString", "coordinates": [ [ [ -99.189255799999955, 19.403944500000048 ], [ -99.189302649999945, 19.403424850000022 ], [ -99.1893768, 19.402380900000029 ] ] ] } },
{ "type": "Feature", "properties": { "id": 322077599, "nom_obj": "Vialidad", "nom_geo": "Cerrada Manuel Dublan", "nom_cono": "N/D", "term_gen": "Calle", "clase_geo": "Servicios e instalaciones", "calif_pos": "Definida", "codigo": 3164.0, "School_count": 0, "schoolscount": 0, "crime_count": 28 }, "geometry": { "type": "MultiLineString", "coordinates": [ [ [ -99.189085649999981, 19.400503550000064 ], [ -99.189030699999989, 19.401441050000084 ], [ -99.188967299999945, 19.401598200000024 ] ] ] } },
{ "type": "Feature", "properties": { "id": 322077604, "nom_obj": "Vialidad", "nom_geo": "General José María Mendívil", "nom_cono": "N/D", "term_gen": "Calle", "clase_geo": "Servicios e instalaciones", "calif_pos": "Definida", "codigo": 3164.0, "School_count": 0, "schoolscount": 0, "crime_count": 37 }, "geometry": { "type": "MultiLineString", "coordinates": [ [ [ -99.199981899999955, 19.407578550000032 ], [ -99.199953899999969, 19.407269050000021 ], [ -99.199930449999954, 19.406640900000045 ], [ -99.199921449999977, 19.406598600000059 ], [ -99.199909699999978, 19.406543400000039 ], [ -99.199891099999945, 19.405976050000056 ], [ -99.199886799999945, 19.405933050000023 ], [ -99.199881649999952, 19.405881150000027 ], [ -99.199890049999965, 19.405290300000058 ], [ -99.199907899999971, 19.40523475000003 ], [ -99.199923749999982, 19.40518545 ], [ -99.1999006, 19.40456115000007 ], [ -99.199896149999987, 19.404440500000074 ], [ -99.199880349999944, 19.403795250000034 ], [ -99.199883899999975, 19.403747400000043 ], [ -99.199903599999971, 19.403524800000067 ], [ -99.199800899999957, 19.403387350000063 ], [ -99.199766049999937, 19.40333285 ], [ -99.199758049999957, 19.403170850000038 ], [ -99.199687399999959, 19.402920200000047 ], [ -99.199599499999977, 19.402769900000077 ], [ -99.199451599999975, 19.40244675000006 ] ] ] } },
{ "type": "Feature", "properties": { "id": 322077610, "nom_obj": "Vialidad", "nom_geo": "General Manuel F. Loera", "nom_cono": "N/D", "term_gen": "Calle", "clase_geo": "Servicios e instalaciones", "calif_pos": "Definida", "codigo": 3164.0, "School_count": 0, "schoolscount": 0, "crime_count": 25 }, "geometry": { "type": "MultiLineString", "coordinates": [ [ [ -99.1978708, 19.408747050000038 ], [ -99.19782825, 19.408112150000019 ], [ -99.197828049999941, 19.408016250000056 ], [ -99.197826599999985, 19.407396450000093 ], [ -99.197823099999937, 19.407324850000077 ], [ -99.197794699999974, 19.406736500000029 ], [ -99.197793, 19.406649200000064 ], [ -99.197781199999952, 19.406041 ], [ -99.197782199999949, 19.405965100000039 ], [ -99.197786949999966, 19.40558680000008 ] ] ] } },
{ "type": "Feature", "properties": { "id": 322077611, "nom_obj": "Vialidad", "nom_geo": "8 de Septiembre", "nom_cono": "N/D", "term_gen": "Calle", "clase_geo": "Servicios e instalaciones", "calif_pos": "Definida", "codigo": 3164.0, "School_count": 0, "schoolscount": 0, "crime_count": 22 }, "geometry": { "type": "MultiLineString", "coordinates": [ [ [ -99.199165649999941, 19.405259750000024 ], [ -99.19917984999995, 19.405943 ], [ -99.199182949999965, 19.406092600000019 ], [ -99.199204499999965, 19.406517400000062 ], [ -99.199210349999987, 19.406614250000107 ], [ -99.199213949999944, 19.406673400000077 ], [ -99.199237849999975, 19.407230050000038 ], [ -99.199243499999966, 19.40729 ], [ -99.199248199999943, 19.407340550000065 ], [ -99.199285649999979, 19.407964150000101 ] ] ] } },
{ "type": "Feature", "properties": { "id": 322077612, "nom_obj": "Vialidad", "nom_geo": "General Victoriano Cepeda", "nom_cono": "N/D", "term_gen": "Calle", "clase_geo": "Servicios e instalaciones", "calif_pos": "Definida", "codigo": 3164.0, "School_count": 0, "schoolscount": 0, "crime_count": 38 }, "geometry": { "type": "MultiLineString", "coordinates": [ [ [ -99.19690989999998, 19.404785950000086 ], [ -99.196470199999965, 19.404837250000064 ], [ -99.19622094999994, 19.404867150000033 ], [ -99.194799199999977, 19.40502405000008 ], [ -99.194175649999977, 19.405091550000051 ], [ -99.193643749999978, 19.405154950000043 ], [ -99.193123, 19.405216250000016 ], [ -99.192173, 19.405333100000039 ] ] ] } },
{ "type": "Feature", "properties": { "id": 322077613, "nom_obj": "Vialidad", "nom_geo": "Alpes", "nom_cono": "N/D", "term_gen": "Calle", "clase_geo": "Servicios e instalaciones", "calif_pos": "Definida", "codigo": 3164.0, "School_count": 0, "schoolscount": 0, "crime_count": 7 }, "geometry": { "type": "MultiLineString", "coordinates": [ [ [ -99.196976499999948, 19.40508750000004 ], [ -99.196302299999971, 19.405213050000068 ], [ -99.194849499999975, 19.405453700000105 ] ] ] } },
{ "type": "Feature", "properties": { "id": 322077616, "nom_obj": "Vialidad", "nom_geo": "Cerrada Rufina", "nom_cono": "N/D", "term_gen": "Calle", "clase_geo": "Servicios e instalaciones", "calif_pos": "Definida", "codigo": 3164.0, "School_count": 0, "schoolscount": 0, "crime_count": 26 }, "geometry": { "type": "MultiLineString", "coordinates": [ [ [ -99.191401399999961, 19.400575950000064 ], [ -99.191214699999989, 19.400764550000044 ], [ -99.19105634999994, 19.400890800000074 ], [ -99.190969749999965, 19.400922750000046 ], [ -99.190087149999954, 19.400961500000069 ], [ -99.189684949999958, 19.400982800000069 ], [ -99.189545299999963, 19.401016150000061 ], [ -99.189467699999966, 19.401103400000068 ], [ -99.189435249999974, 19.401205900000015 ], [ -99.189374399999963, 19.401339050000054 ], [ -99.189030699999989, 19.401441050000084 ] ] ] } },
{ "type": "Feature", "properties": { "id": 322077621, "nom_obj": "Vialidad", "nom_geo": "Cerrada Agrarismo", "nom_cono": "N/D", "term_gen": "Calle", "clase_geo": "Servicios e instalaciones", "calif_pos": "Definida", "codigo": 3164.0, "School_count": 0, "schoolscount": 0, "crime_count": 4 }, "geometry": { "type": "MultiLineString", "coordinates": [ [ [ -99.172835, 19.403279450000063 ], [ -99.171924899999965, 19.402985 ] ] ] } },
{ "type": "Feature", "properties": { "id": 322077629, "nom_obj": "Vialidad", "nom_geo": "Coronel Pedro Letechipía", "nom_cono": "N/D", "term_gen": "Calle", "clase_geo": "Servicios e instalaciones", "calif_pos": "Definida", "codigo": 3164.0, "School_count": 0, "schoolscount": 0, "crime_count": 12 }, "geometry": { "type": "MultiLineString", "coordinates": [ [ [ -99.198257099999978, 19.402955400000099 ], [ -99.198325749999981, 19.403545500000114 ], [ -99.198446399999966, 19.404621400000035 ] ] ] } },
{ "type": "Feature", "properties": { "id": 322077676, "nom_obj": "Vialidad", "nom_geo": "Pedro Antonio de los Santos", "nom_cono": "N/D", "term_gen": "Privada", "clase_geo": "Servicios e instalaciones", "calif_pos": "Definida", "codigo": 3158.0, "School_count": 0, "schoolscount": 0, "crime_count": 0 }, "geometry": { "type": "MultiLineString", "coordinates": [ [ [ -99.182882799999959, 19.412308450000062 ], [ -99.182328849999976, 19.412103400000049 ] ] ] } },
{ "type": "Feature", "properties": { "id": 322077685, "nom_obj": "Vialidad", "nom_geo": "Iturbe", "nom_cono": "N/D", "term_gen": "Calle", "clase_geo": "Servicios e instalaciones", "calif_pos": "Definida", "codigo": 3164.0, "School_count": 0, "schoolscount": 0, "crime_count": 104 }, "geometry": { "type": "MultiLineString", "coordinates": [ [ [ -99.18734354999998, 19.402000500000067 ], [ -99.18646339999998, 19.401702650000043 ] ] ] } },
{ "type": "Feature", "properties": { "id": 322077688, "nom_obj": "Vialidad", "nom_geo": "Cerrada Otoño", "nom_cono": "N/D", "term_gen": "Calle", "clase_geo": "Servicios e instalaciones", "calif_pos": "Definida", "codigo": 3164.0, "School_count": 0, "schoolscount": 0, "crime_count": 8 }, "geometry": { "type": "MultiLineString", "coordinates": [ [ [ -99.173747049999989, 19.403576050000041 ], [ -99.172835, 19.403279450000063 ] ] ] } },
{ "type": "Feature", "properties": { "id": 322077699, "nom_obj": "Vialidad", "nom_geo": "Mártires de la Conquista", "nom_cono": "N/D", "term_gen": "Cerrada", "clase_geo": "Servicios e instalaciones", "calif_pos": "Definida", "codigo": 3148.0, "School_count": 0, "schoolscount": 0, "crime_count": 3 }, "geometry": { "type": "MultiLineString", "coordinates": [ [ [ -99.181704699999955, 19.400529700000064 ], [ -99.181670749999967, 19.400997050000065 ] ] ] } },
{ "type": "Feature", "properties": { "id": 322077702, "nom_obj": "Vialidad", "nom_geo": "Gobernador Antonio Diez de Bonilla", "nom_cono": "N/D", "term_gen": "Cerrada", "clase_geo": "Servicios e instalaciones", "calif_pos": "Definida", "codigo": 3148.0, "School_count": 0, "schoolscount": 0, "crime_count": 1 }, "geometry": { "type": "MultiLineString", "coordinates": [ [ [ -99.186476949999985, 19.405754350000059 ], [ -99.186457799999971, 19.40525670000007 ] ] ] } },
{ "type": "Feature", "properties": { "id": 322077703, "nom_obj": "Vialidad", "nom_geo": "Gobernador Justino Fernández", "nom_cono": "N/D", "term_gen": "Calle", "clase_geo": "Servicios e instalaciones", "calif_pos": "Definida", "codigo": 3164.0, "School_count": 0, "schoolscount": 0, "crime_count": 3 }, "geometry": { "type": "MultiLineString", "coordinates": [ [ [ -99.188827949999961, 19.407048750000051 ], [ -99.188950699999964, 19.407777750000033 ] ] ] } },
{ "type": "Feature", "properties": { "id": 322077704, "nom_obj": "Vialidad", "nom_geo": "Gobernador Manuel Reyes Veramendi", "nom_cono": "N/D", "term_gen": "Calle", "clase_geo": "Servicios e instalaciones", "calif_pos": "Definida", "codigo": 3164.0, "School_count": 0, "schoolscount": 0, "crime_count": 19 }, "geometry": { "type": "MultiLineString", "coordinates": [ [ [ -99.187738649999972, 19.405673350000047 ], [ -99.187918399999944, 19.405820750000029 ], [ -99.188012049999941, 19.405872850000051 ], [ -99.188098749999938, 19.405897250000063 ], [ -99.188185799999985, 19.40590365 ], [ -99.188288399999976, 19.40589 ], [ -99.188364799999988, 19.405860250000032 ], [ -99.188458349999962, 19.40579845000007 ], [ -99.188555699999952, 19.405718850000053 ] ] ] } },
{ "type": "Feature", "properties": { "id": 322077715, "nom_obj": "Vialidad", "nom_geo": "General Victoriano Cepeda", "nom_cono": "N/D", "term_gen": "Cerrada", "clase_geo": "Servicios e instalaciones", "calif_pos": "Definida", "codigo": 3148.0, "School_count": 0, "schoolscount": 0, "crime_count": 1 }, "geometry": { "type": "MultiLineString", "coordinates": [ [ [ -99.193643749999978, 19.405154950000043 ], [ -99.193651599999953, 19.4052945 ] ] ] } },
{ "type": "Feature", "properties": { "id": 322077721, "nom_obj": "Vialidad", "nom_geo": "Gobernador Ignacio Esteva", "nom_cono": "N/D", "term_gen": "Privada", "clase_geo": "Servicios e instalaciones", "calif_pos": "Definida", "codigo": 3158.0, "School_count": 0, "schoolscount": 0, "crime_count": 1 }, "geometry": { "type": "MultiLineString", "coordinates": [ [ [ -99.18821504999994, 19.411959550000038 ], [ -99.188479849999965, 19.411236400000057 ] ] ] } },
{ "type": "Feature", "properties": { "id": 322077741, "nom_obj": "Vialidad", "nom_geo": "Presidente Miguel Alemán", "nom_cono": "N/D", "term_gen": "Viaducto", "clase_geo": "Servicios e instalaciones", "calif_pos": "Definida", "codigo": 3163.0, "School_count": 0, "schoolscount": 0, "crime_count": 13 }, "geometry": { "type": "MultiLineString", "coordinates": [ [ [ -99.189779949999945, 19.399711600000057 ], [ -99.190384199999983, 19.39987395 ], [ -99.190616849999969, 19.399988600000025 ], [ -99.190778799999975, 19.400099500000067 ], [ -99.191143499999953, 19.400365100000027 ], [ -99.191401399999961, 19.400575950000064 ], [ -99.192224741538183, 19.401131694288523 ] ] ] } },
{ "type": "Feature", "properties": { "id": 322077754, "nom_obj": "Vialidad", "nom_geo": "Comandante Blanquet", "nom_cono": "N/D", "term_gen": "Calle", "clase_geo": "Servicios e instalaciones", "calif_pos": "Definida", "codigo": 3164.0, "School_count": 0, "schoolscount": 0, "crime_count": 20 }, "geometry": { "type": "MultiLineString", "coordinates": [ [ [ -99.197573199999965, 19.403109600000029 ], [ -99.197619399999951, 19.403588050000064 ], [ -99.197818349999977, 19.40523025000002 ] ] ] } },
{ "type": "Feature", "properties": { "id": 322077757, "nom_obj": "Vialidad", "nom_geo": "General Lauro Villar", "nom_cono": "N/D", "term_gen": "Calle", "clase_geo": "Servicios e instalaciones", "calif_pos": "Definida", "codigo": 3164.0, "School_count": 0, "schoolscount": 0, "crime_count": 5 }, "geometry": { "type": "MultiLineString", "coordinates": [ [ [ -99.196014349999984, 19.405837650000031 ], [ -99.194909, 19.406080800000051 ] ] ] } },
{ "type": "Feature", "properties": { "id": 322077759, "nom_obj": "Vialidad", "nom_geo": "Primera General Plata", "nom_cono": "N/D", "term_gen": "Cerrada", "clase_geo": "Servicios e instalaciones", "calif_pos": "Definida", "codigo": 3148.0, "School_count": 0, "schoolscount": 0, "crime_count": 0 }, "geometry": { "type": "MultiLineString", "coordinates": [ [ [ -99.195386249999956, 19.40661185000004 ], [ -99.195180749999977, 19.406668350000086 ], [ -99.194961399999954, 19.40669380000001 ] ] ] } },
{ "type": "Feature", "properties": { "id": 322077776, "nom_obj": "Vialidad", "nom_geo": "8 de Septiembre", "nom_cono": "N/D", "term_gen": "Privada", "clase_geo": "Servicios e instalaciones", "calif_pos": "Definida", "codigo": 3158.0, "School_count": 0, "schoolscount": 0, "crime_count": 3 }, "geometry": { "type": "MultiLineString", "coordinates": [ [ [ -99.19915629999997, 19.404260600000043 ], [ -99.199193649999984, 19.404589550000029 ] ] ] } },
{ "type": "Feature", "properties": { "id": 322077782, "nom_obj": "Vialidad", "nom_geo": "Segunda Cerrada José María Vigil", "nom_cono": "N/D", "term_gen": "Calle", "clase_geo": "Servicios e instalaciones", "calif_pos": "Definida", "codigo": 3164.0, "School_count": 0, "schoolscount": 0, "crime_count": 4 }, "geometry": { "type": "MultiLineString", "coordinates": [ [ [ -99.187118049999981, 19.400739550000026 ], [ -99.187114749999978, 19.401484600000071 ] ] ] } },
{ "type": "Feature", "properties": { "id": 322077786, "nom_obj": "Vialidad", "nom_geo": "Electrificación", "nom_cono": "N/D", "term_gen": "Calle", "clase_geo": "Servicios e instalaciones", "calif_pos": "Definida", "codigo": 3164.0, "School_count": 0, "schoolscount": 0, "crime_count": 9 }, "geometry": { "type": "MultiLineString", "coordinates": [ [ [ -99.191737399999965, 19.412911950000026 ], [ -99.191735799999947, 19.412452200000086 ], [ -99.191776799999957, 19.412328250000044 ], [ -99.191837349999957, 19.412235400000085 ], [ -99.192095499999937, 19.412067600000039 ], [ -99.192222099999981, 19.41200665 ], [ -99.192313049999953, 19.412008300000043 ], [ -99.192421699999954, 19.412033350000044 ], [ -99.193564899999956, 19.412570550000062 ] ] ] } },
{ "type": "Feature", "properties": { "id": 322077789, "nom_obj": "Vialidad", "nom_geo": "General Victoriano Cepeda", "nom_cono": "N/D", "term_gen": "Cerrada", "clase_geo": "Servicios e instalaciones", "calif_pos": "Definida", "codigo": 3148.0, "School_count": 0, "schoolscount": 0, "crime_count": 1 }, "geometry": { "type": "MultiLineString", "coordinates": [ [ [ -99.196432099999981, 19.404536500000059 ], [ -99.196470199999965, 19.404837250000064 ] ] ] } },
{ "type": "Feature", "properties": { "id": 322077800, "nom_obj": "Vialidad", "nom_geo": "Cuarta de José María Vigil", "nom_cono": "N/D", "term_gen": "Cerrada", "clase_geo": "Servicios e instalaciones", "calif_pos": "Definida", "codigo": 3148.0, "School_count": 0, "schoolscount": 0, "crime_count": 12 }, "geometry": { "type": "MultiLineString", "coordinates": [ [ [ -99.182198349999965, 19.400508200000033 ], [ -99.1822403, 19.401643300000046 ] ] ] } },
{ "type": "Feature", "properties": { "id": 322077801, "nom_obj": "Vialidad", "nom_geo": "Constitución", "nom_cono": "N/D", "term_gen": "Privada", "clase_geo": "Servicios e instalaciones", "calif_pos": "Definida", "codigo": 3158.0, "School_count": 0, "schoolscount": 0, "crime_count": 1 }, "geometry": { "type": "MultiLineString", "coordinates": [ [ [ -99.182240949999937, 19.402065300000078 ], [ -99.182194599999946, 19.402347550000062 ] ] ] } },
{ "type": "Feature", "properties": { "id": 322077802, "nom_obj": "Vialidad", "nom_geo": "General José María Mendívil", "nom_cono": "N/D", "term_gen": "Calle", "clase_geo": "Servicios e instalaciones", "calif_pos": "Definida", "codigo": 3164.0, "School_count": 0, "schoolscount": 0, "crime_count": 16 }, "geometry": { "type": "MultiLineString", "coordinates": [ [ [ -99.199687399999959, 19.402920200000047 ], [ -99.199628149999967, 19.402914300000074 ], [ -99.198959867739063, 19.402654111204313 ] ] ] } },
{ "type": "Feature", "properties": { "id": 322077808, "nom_obj": "Vialidad", "nom_geo": "Gobernador Rafael Rebollar", "nom_cono": "N/D", "term_gen": "Privada", "clase_geo": "Servicios e instalaciones", "calif_pos": "Definida", "codigo": 3158.0, "School_count": 0, "schoolscount": 0, "crime_count": 0 }, "geometry": { "type": "MultiLineString", "coordinates": [ [ [ -99.188618099999985, 19.408624750000062 ], [ -99.188621349999949, 19.408858100000042 ] ] ] } },
{ "type": "Feature", "properties": { "id": 322077822, "nom_obj": "Vialidad", "nom_geo": "Boulevard Adolfo López Mateos", "nom_cono": "N/D", "term_gen": "Periférico", "clase_geo": "Servicios e instalaciones", "calif_pos": "Definida", "codigo": 3157.0, "School_count": 0, "schoolscount": 0, "crime_count": 4 }, "geometry": { "type": "MultiLineString", "coordinates": [ [ [ -99.190325911944058, 19.398667855186083 ], [ -99.190246, 19.399044150000059 ], [ -99.190217749999988, 19.399187500000053 ], [ -99.190171949999979, 19.399325700000098 ], [ -99.190078199999959, 19.399460600000047 ], [ -99.189931849999937, 19.399572950000085 ], [ -99.189779949999945, 19.399711600000057 ] ] ] } },
{ "type": "Feature", "properties": { "id": 322077843, "nom_obj": "Vialidad", "nom_geo": "Tránsito", "nom_cono": "N/D", "term_gen": "Calle", "clase_geo": "Servicios e instalaciones", "calif_pos": "Definida", "codigo": 3164.0, "School_count": 0, "schoolscount": 0, "crime_count": 26 }, "geometry": { "type": "MultiLineString", "coordinates": [ [ [ -99.1864594, 19.399923650000051 ], [ -99.186476949999985, 19.399512850000061 ], [ -99.18640929999998, 19.398494450000065 ] ] ] } },
{ "type": "Feature", "properties": { "id": 322077870, "nom_obj": "Vialidad", "nom_geo": "Mártires de la Conquista", "nom_cono": "N/D", "term_gen": "Calle", "clase_geo": "Servicios e instalaciones", "calif_pos": "Definida", "codigo": 3164.0, "School_count": 0, "schoolscount": 0, "crime_count": 18 }, "geometry": { "type": "MultiLineString", "coordinates": [ [ [ -99.1848786, 19.40059425000004 ], [ -99.183412749999945, 19.400733800000026 ] ] ] } },
{ "type": "Feature", "properties": { "id": 322077877, "nom_obj": "Vialidad", "nom_geo": "Mártires de la Conquista", "nom_cono": "N/D", "term_gen": "Calle", "clase_geo": "Servicios e instalaciones", "calif_pos": "Definida", "codigo": 3164.0, "School_count": 0, "schoolscount": 0, "crime_count": 5 }, "geometry": { "type": "MultiLineString", "coordinates": [ [ [ -99.17973354999998, 19.400805700000038 ], [ -99.178928049999968, 19.400510100000062 ] ] ] } },
{ "type": "Feature", "properties": { "id": 322077878, "nom_obj": "Vialidad", "nom_geo": "N/D", "nom_cono": "N/D", "term_gen": "Privada", "clase_geo": "Servicios e instalaciones", "calif_pos": "Definida", "codigo": 3158.0, "School_count": 0, "schoolscount": 0, "crime_count": 1 }, "geometry": { "type": "MultiLineString", "coordinates": [ [ [ -99.189830399999963, 19.410794700000039 ], [ -99.189589899999987, 19.410711750000093 ] ] ] } },
{ "type": "Feature", "properties": { "id": 322077888, "nom_obj": "Vialidad", "nom_geo": "Héroes Anónimos", "nom_cono": "N/D", "term_gen": "Calle", "clase_geo": "Servicios e instalaciones", "calif_pos": "Definida", "codigo": 3164.0, "School_count": 0, "schoolscount": 0, "crime_count": 3 }, "geometry": { "type": "MultiLineString", "coordinates": [ [ [ -99.189288099999942, 19.396147900000081 ], [ -99.188595199999952, 19.396169950000072 ] ] ] } },
{ "type": "Feature", "properties": { "id": 322077893, "nom_obj": "Vialidad", "nom_geo": "Río Becerra", "nom_cono": "N/D", "term_gen": "Cerrada", "clase_geo": "Servicios e instalaciones", "calif_pos": "Definida", "codigo": 3148.0, "School_count": 0, "schoolscount": 0, "crime_count": 2 }, "geometry": { "type": "MultiLineString", "coordinates": [ [ [ -99.187875299999973, 19.396315400000049 ], [ -99.187464099999943, 19.396249950000033 ] ] ] } },
{ "type": "Feature", "properties": { "id": 322077903, "nom_obj": "Vialidad", "nom_geo": "Callejón Tordo", "nom_cono": "N/D", "term_gen": "Privada", "clase_geo": "Servicios e instalaciones", "calif_pos": "Definida", "codigo": 3158.0, "School_count": 0, "schoolscount": 0, "crime_count": 4 }, "geometry": { "type": "MultiLineString", "coordinates": [ [ [ -99.189798899999971, 19.400233600000028 ], [ -99.189920549999954, 19.400243 ], [ -99.18993254999998, 19.400322300000052 ], [ -99.189986749999946, 19.400340600000064 ], [ -99.189984099999947, 19.400519400000061 ] ] ] } },
{ "type": "Feature", "properties": { "id": 322077906, "nom_obj": "Vialidad", "nom_geo": "Jardín Morelos", "nom_cono": "N/D", "term_gen": "Privada", "clase_geo": "Servicios e instalaciones", "calif_pos": "Definida", "codigo": 3158.0, "School_count": 0, "schoolscount": 0, "crime_count": 3 }, "geometry": { "type": "MultiLineString", "coordinates": [ [ [ -99.177858549999939, 19.403395950000093 ], [ -99.177441499999986, 19.403253600000021 ] ] ] } },
{ "type": "Feature", "properties": { "id": 322077918, "nom_obj": "Vialidad", "nom_geo": "Francisco Martínez", "nom_cono": "N/D", "term_gen": "Calle", "clase_geo": "Servicios e instalaciones", "calif_pos": "Definida", "codigo": 3164.0, "School_count": 0, "schoolscount": 0, "crime_count": 10 }, "geometry": { "type": "MultiLineString", "coordinates": [ [ [ -99.191987899999958, 19.40280620000005 ], [ -99.191346199999941, 19.40318775 ] ] ] } },
{ "type": "Feature", "properties": { "id": 322077921, "nom_obj": "Vialidad", "nom_geo": "General Ignacio Alatorre", "nom_cono": "N/D", "term_gen": "Calle", "clase_geo": "Servicios e instalaciones", "calif_pos": "Definida", "codigo": 3164.0, "School_count": 0, "schoolscount": 0, "crime_count": 26 }, "geometry": { "type": "MultiLineString", "coordinates": [ [ [ -99.194566899999984, 19.409762300000065 ], [ -99.194573799999944, 19.409610700000027 ], [ -99.194591599999967, 19.40911535 ], [ -99.194576299999937, 19.409049750000072 ], [ -99.194560299999978, 19.408134550000042 ], [ -99.194561399999941, 19.408081300000056 ], [ -99.19456219999995, 19.408041050000055 ], [ -99.194521599999973, 19.407437550000054 ] ] ] } },
{ "type": "Feature", "properties": { "id": 322077948, "nom_obj": "Vialidad", "nom_geo": "Gobernador Rafael Rebollar", "nom_cono": "N/D", "term_gen": "Cerrada", "clase_geo": "Servicios e instalaciones", "calif_pos": "Definida", "codigo": 3148.0, "School_count": 0, "schoolscount": 0, "crime_count": 5 }, "geometry": { "type": "MultiLineString", "coordinates": [ [ [ -99.189040399999953, 19.408834150000082 ], [ -99.18887485, 19.408817250000027 ], [ -99.188764849999984, 19.408822400000073 ], [ -99.188621349999949, 19.408858100000042 ], [ -99.188442299999963, 19.408901500000066 ], [ -99.187967049999941, 19.40891065000007 ] ] ] } },
{ "type": "Feature", "properties": { "id": 322077950, "nom_obj": "Vialidad", "nom_geo": "Gobernador Ignacio Esteva", "nom_cono": "N/D", "term_gen": "Cerrada", "clase_geo": "Servicios e instalaciones", "calif_pos": "Definida", "codigo": 3148.0, "School_count": 0, "schoolscount": 0, "crime_count": 2 }, "geometry": { "type": "MultiLineString", "coordinates": [ [ [ -99.189666099999954, 19.410508200000042 ], [ -99.189589899999987, 19.410711750000093 ], [ -99.189290299999982, 19.41151520000005 ] ] ] } },
{ "type": "Feature", "properties": { "id": 322077952, "nom_obj": "Vialidad", "nom_geo": "Gobernador José Gómez de la Cortina", "nom_cono": "N/D", "term_gen": "Calle", "clase_geo": "Servicios e instalaciones", "calif_pos": "Definida", "codigo": 3164.0, "School_count": 0, "schoolscount": 0, "crime_count": 21 }, "geometry": { "type": "MultiLineString", "coordinates": [ [ [ -99.187293099999977, 19.405694050000033 ], [ -99.187299899999971, 19.406221600000013 ], [ -99.187300899999968, 19.406417050000069 ], [ -99.187317449999966, 19.407022750000092 ], [ -99.187326749999954, 19.407123950000024 ], [ -99.187352349999969, 19.407716250000085 ], [ -99.187352849999968, 19.407831 ] ] ] } },
{ "type": "Feature", "properties": { "id": 322078011, "nom_obj": "Vialidad", "nom_geo": "Ciencias", "nom_cono": "N/D", "term_gen": "Calle", "clase_geo": "Servicios e instalaciones", "calif_pos": "Definida", "codigo": 3164.0, "School_count": 0, "schoolscount": 0, "crime_count": 28 }, "geometry": { "type": "MultiLineString", "coordinates": [ [ [ -99.181162749999942, 19.401700900000044 ], [ -99.181115749999947, 19.402277900000062 ], [ -99.181101049999938, 19.402368650000049 ], [ -99.180973, 19.403157700000072 ], [ -99.180961449999984, 19.403241250000061 ], [ -99.18095644999994, 19.40327770000005 ], [ -99.180731099999946, 19.403910300000096 ], [ -99.180357499999971, 19.404964 ], [ -99.180329849999964, 19.405041200000024 ], [ -99.179847909331045, 19.406385321710896 ] ] ] } },
{ "type": "Feature", "properties": { "id": 322078012, "nom_obj": "Vialidad", "nom_geo": "General Francisco Murguía", "nom_cono": "N/D", "term_gen": "Calle", "clase_geo": "Servicios e instalaciones", "calif_pos": "Definida", "codigo": 3164.0, "School_count": 0, "schoolscount": 0, "crime_count": 65 }, "geometry": { "type": "MultiLineString", "coordinates": [ [ [ -99.180709745475397, 19.406657277812268 ], [ -99.181028749999939, 19.405825550000063 ], [ -99.181214049999937, 19.405340550000059 ], [ -99.181259599999976, 19.40522135 ], [ -99.181590899999946, 19.404232050000083 ], [ -99.181614949999982, 19.403447350000047 ], [ -99.181602299999952, 19.403387850000062 ], [ -99.181614149999987, 19.402362850000063 ], [ -99.181615699999966, 19.402230100000057 ], [ -99.181622599999983, 19.401676400000035 ] ] ] } },
{ "type": "Feature", "properties": { "id": 322078034, "nom_obj": "Vialidad", "nom_geo": "General Juan Villegas", "nom_cono": "N/D", "term_gen": "Calle", "clase_geo": "Servicios e instalaciones", "calif_pos": "Definida", "codigo": 3164.0, "School_count": 0, "schoolscount": 0, "crime_count": 29 }, "geometry": { "type": "MultiLineString", "coordinates": [ [ [ -99.19646, 19.409090550000027 ], [ -99.196453899999938, 19.408992950000012 ], [ -99.196420649999936, 19.408031400000041 ], [ -99.196403399999951, 19.407986450000084 ], [ -99.196385949999978, 19.407361850000026 ], [ -99.19638539999994, 19.407357600000068 ], [ -99.196378099999947, 19.40730125000006 ], [ -99.1963679, 19.406691150000047 ], [ -99.196367399999986, 19.406687100000052 ], [ -99.196361399999944, 19.406640650000046 ], [ -99.196333749999951, 19.40636250000005 ] ] ] } },
{ "type": "Feature", "properties": { "id": 322078031, "nom_obj": "Vialidad", "nom_geo": "General Manuel M. Plata", "nom_cono": "N/D", "term_gen": "Calle", "clase_geo": "Servicios e instalaciones", "calif_pos": "Definida", "codigo": 3164.0, "School_count": 0, "schoolscount": 0, "crime_count": 30 }, "geometry": { "type": "MultiLineString", "coordinates": [ [ [ -99.194603249999943, 19.403477400000028 ], [ -99.194716249999942, 19.4043839 ], [ -99.194799199999977, 19.40502405000008 ], [ -99.194849499999975, 19.405453700000105 ], [ -99.194880849999947, 19.405813250000051 ], [ -99.194909, 19.406080800000051 ], [ -99.194950099999971, 19.406535950000031 ], [ -99.194961399999954, 19.40669380000001 ], [ -99.195031849999964, 19.407285550000033 ] ] ] } },
{ "type": "Feature", "properties": { "id": 322078032, "nom_obj": "Vialidad", "nom_geo": "Gobernador M. González Calderón", "nom_cono": "N/D", "term_gen": "Calle", "clase_geo": "Servicios e instalaciones", "calif_pos": "Definida", "codigo": 3164.0, "School_count": 0, "schoolscount": 0, "crime_count": 31 }, "geometry": { "type": "MultiLineString", "coordinates": [ [ [ -99.193776299999982, 19.403584350000077 ], [ -99.194028099999969, 19.404526350000033 ], [ -99.194175649999977, 19.405091550000051 ], [ -99.194250299999965, 19.40544105000005 ], [ -99.194347549999975, 19.405941450000075 ], [ -99.194513349999966, 19.406654300000053 ], [ -99.194683899999973, 19.407421950000103 ] ] ] } },
{ "type": "Feature", "properties": { "id": 322078038, "nom_obj": "Vialidad", "nom_geo": "Privada José Morán", "nom_cono": "N/D", "term_gen": "Calle", "clase_geo": "Servicios e instalaciones", "calif_pos": "Definida", "codigo": 3164.0, "School_count": 0, "schoolscount": 0, "crime_count": 9 }, "geometry": { "type": "MultiLineString", "coordinates": [ [ [ -99.195764649999944, 19.406758850000067 ], [ -99.19579994999998, 19.407302300000058 ], [ -99.195804499999952, 19.407375250000044 ], [ -99.195804449999983, 19.407378450000071 ], [ -99.195793899999956, 19.407986900000033 ], [ -99.19579365, 19.408038250000072 ], [ -99.195793549999962, 19.408052600000058 ], [ -99.195849449999983, 19.409092650000026 ] ] ] } },
{ "type": "Feature", "properties": { "id": 322078040, "nom_obj": "Vialidad", "nom_geo": "José María Vigil", "nom_cono": "N/D", "term_gen": "Calle", "clase_geo": "Servicios e instalaciones", "calif_pos": "Definida", "codigo": 3164.0, "School_count": 0, "schoolscount": 0, "crime_count": 56 }, "geometry": { "type": "MultiLineString", "coordinates": [ [ [ -99.183382049999977, 19.401495650000058 ], [ -99.184816649999959, 19.401447800000035 ], [ -99.184959799999945, 19.401443050000093 ], [ -99.186301749999984, 19.401505450000052 ] ] ] } },
{ "type": "Feature", "properties": { "id": 322078043, "nom_obj": "Vialidad", "nom_geo": "Manuel Dublán", "nom_cono": "N/D", "term_gen": "Calle", "clase_geo": "Servicios e instalaciones", "calif_pos": "Definida", "codigo": 3164.0, "School_count": 0, "schoolscount": 0, "crime_count": 95 }, "geometry": { "type": "MultiLineString", "coordinates": [ [ [ -99.192330625775071, 19.401516299801237 ], [ -99.191392299999961, 19.401538700000078 ], [ -99.19130064999996, 19.401540900000089 ], [ -99.191117799999972, 19.401585449999988 ], [ -99.19016695, 19.401622900000078 ], [ -99.18911369999995, 19.401605700000044 ], [ -99.188967299999945, 19.401598200000024 ], [ -99.188746249999951, 19.40153415000001 ], [ -99.188050499999974, 19.40149125000007 ] ] ] } },
{ "type": "Feature", "properties": { "id": 322078048, "nom_obj": "Vialidad", "nom_geo": "Tordo", "nom_cono": "N/D", "term_gen": "Calle", "clase_geo": "Servicios e instalaciones", "calif_pos": "Definida", "codigo": 3164.0, "School_count": 0, "schoolscount": 0, "crime_count": 45 }, "geometry": { "type": "MultiLineString", "coordinates": [ [ [ -99.191143499999953, 19.400365100000027 ], [ -99.190987349999943, 19.40038845000004 ], [ -99.19024724999997, 19.400501250000058 ], [ -99.189984099999947, 19.400519400000061 ], [ -99.189490799999987, 19.400521750000053 ], [ -99.189085649999981, 19.400503550000064 ], [ -99.188576049999938, 19.400477850000062 ], [ -99.188316399999962, 19.400460850000076 ] ] ] } },
{ "type": "Feature", "properties": { "id": 322078049, "nom_obj": "Vialidad", "nom_geo": "Mártires de la Conquista", "nom_cono": "N/D", "term_gen": "Calle", "clase_geo": "Servicios e instalaciones", "calif_pos": "Definida", "codigo": 3164.0, "School_count": 0, "schoolscount": 0, "crime_count": 13 }, "geometry": { "type": "MultiLineString", "coordinates": [ [ [ -99.186431949999985, 19.4008198 ], [ -99.1867916, 19.4007637 ], [ -99.187118049999981, 19.400739550000026 ], [ -99.187478799999951, 19.400741950000018 ], [ -99.18789419999996, 19.400741050000015 ], [ -99.188074499999971, 19.400765250000081 ] ] ] } },
{ "type": "Feature", "properties": { "id": 322078050, "nom_obj": "Vialidad", "nom_geo": "Calzada de Becerra", "nom_cono": "N/D", "term_gen": "Calzada", "clase_geo": "Servicios e instalaciones", "calif_pos": "Definida", "codigo": 3146.0, "School_count": 0, "schoolscount": 0, "crime_count": 35 }, "geometry": { "type": "MultiLineString", "coordinates": [ [ [ -99.187549049999973, 19.395737100000105 ], [ -99.187464099999943, 19.396249950000033 ], [ -99.187407149999956, 19.396584050000047 ], [ -99.187484199999972, 19.396965250000054 ], [ -99.1876617, 19.39769070000003 ], [ -99.187818549999974, 19.398434500000068 ] ] ] } },
{ "type": "Feature", "properties": { "id": 322078051, "nom_obj": "Vialidad", "nom_geo": "José María Vigil", "nom_cono": "N/D", "term_gen": "Calle", "clase_geo": "Servicios e instalaciones", "calif_pos": "Definida", "codigo": 3164.0, "School_count": 0, "schoolscount": 0, "crime_count": 19 }, "geometry": { "type": "MultiLineString", "coordinates": [ [ [ -99.183376799999962, 19.401595450000045 ], [ -99.1822403, 19.401643300000046 ], [ -99.181622599999983, 19.401676400000035 ], [ -99.181162749999942, 19.401700900000044 ], [ -99.180475, 19.401726700000037 ], [ -99.18024024999994, 19.401735500000026 ], [ -99.179401499999983, 19.401754350000044 ] ] ] } },
{ "type": "Feature", "properties": { "id": 322078052, "nom_obj": "Vialidad", "nom_geo": "Zamora y Duque", "nom_cono": "N/D", "term_gen": "Calle", "clase_geo": "Servicios e instalaciones", "calif_pos": "Definida", "codigo": 3164.0, "School_count": 0, "schoolscount": 0, "crime_count": 22 }, "geometry": { "type": "MultiLineString", "coordinates": [ [ [ -99.184698799999978, 19.402674950000065 ], [ -99.183828199999937, 19.402621350000064 ], [ -99.183335899999975, 19.402600650000089 ] ] ] } },
{ "type": "Feature", "properties": { "id": 322078053, "nom_obj": "Vialidad", "nom_geo": "Calle de la Constitución", "nom_cono": "N/D", "term_gen": "Calle", "clase_geo": "Servicios e instalaciones", "calif_pos": "Definida", "codigo": 3164.0, "School_count": 0, "schoolscount": 0, "crime_count": 15 }, "geometry": { "type": "MultiLineString", "coordinates": [ [ [ -99.18335529999996, 19.402326950000031 ], [ -99.182194599999946, 19.402347550000062 ], [ -99.181614149999987, 19.402362850000063 ], [ -99.181385599999942, 19.402368900000059 ], [ -99.181101049999938, 19.402368650000049 ], [ -99.180738799999972, 19.402368350000067 ], [ -99.18024749999995, 19.402372600000028 ] ] ] } },
{ "type": "Feature", "properties": { "id": 322078337, "nom_obj": "Vialidad", "nom_geo": "General Fuero", "nom_cono": "N/D", "term_gen": "Calle", "clase_geo": "Servicios e instalaciones", "calif_pos": "Definida", "codigo": 3164.0, "School_count": 0, "schoolscount": 0, "crime_count": 13 }, "geometry": { "type": "MultiLineString", "coordinates": [ [ [ -99.190734499999962, 19.403932050000044 ], [ -99.19094819999998, 19.4056239 ], [ -99.191078399999981, 19.406660150000047 ] ] ] } },
{ "type": "Feature", "properties": { "id": 322078187, "nom_obj": "Vialidad", "nom_geo": "Agrarismo", "nom_cono": "N/D", "term_gen": "Calle", "clase_geo": "Servicios e instalaciones", "calif_pos": "Definida", "codigo": 3164.0, "School_count": 0, "schoolscount": 0, "crime_count": 44 }, "geometry": { "type": "MultiLineString", "coordinates": [ [ [ -99.173382149999952, 19.398889400000016 ], [ -99.172815549999939, 19.400532200000047 ], [ -99.1727782, 19.40064965000003 ], [ -99.172720349999963, 19.400831550000088 ], [ -99.17264629999994, 19.401051850000044 ], [ -99.172642799999949, 19.401062200000059 ], [ -99.17232205, 19.401907800000046 ], [ -99.172174499999983, 19.402295850000037 ], [ -99.172145349999937, 19.402376300000071 ], [ -99.171924899999965, 19.402985 ], [ -99.171700347970415, 19.403642021133479 ] ] ] } },
{ "type": "Feature", "properties": { "id": 322078188, "nom_obj": "Vialidad", "nom_geo": "Astrónomos", "nom_cono": "N/D", "term_gen": "Calle", "clase_geo": "Servicios e instalaciones", "calif_pos": "Definida", "codigo": 3164.0, "School_count": 0, "schoolscount": 0, "crime_count": 52 }, "geometry": { "type": "MultiLineString", "coordinates": [ [ [ -99.170993949999968, 19.402735100000029 ], [ -99.171189549999966, 19.402236550000026 ], [ -99.171243299999958, 19.402087900000012 ], [ -99.17182225, 19.400486200000035 ], [ -99.171865499999967, 19.400358450000063 ], [ -99.172095449999972, 19.39967865000007 ], [ -99.172254349999946, 19.3992340500001 ] ] ] } },
{ "type": "Feature", "properties": { "id": 322078189, "nom_obj": "Vialidad", "nom_geo": "Ingenieros", "nom_cono": "N/D", "term_gen": "Calle", "clase_geo": "Servicios e instalaciones", "calif_pos": "Definida", "codigo": 3164.0, "School_count": 0, "schoolscount": 0, "crime_count": 23 }, "geometry": { "type": "MultiLineString", "coordinates": [ [ [ -99.170773649999944, 19.401785150000048 ], [ -99.170875149999972, 19.401551650000048 ], [ -99.171209249999961, 19.400675600000049 ], [ -99.17140335, 19.400210500000071 ] ] ] } },
{ "type": "Feature", "properties": { "id": 322078196, "nom_obj": "Vialidad", "nom_geo": "Gobernador Protasio Pérez de Tagle", "nom_cono": "N/D", "term_gen": "Cerrada", "clase_geo": "Servicios e instalaciones", "calif_pos": "Definida", "codigo": 3148.0, "School_count": 0, "schoolscount": 0, "crime_count": 4 }, "geometry": { "type": "MultiLineString", "coordinates": [ [ [ -99.18290175, 19.414609600000077 ], [ -99.182010099999957, 19.414334950000075 ] ] ] } },
{ "type": "Feature", "properties": { "id": 322078278, "nom_obj": "Vialidad", "nom_geo": "Gorrión", "nom_cono": "N/D", "term_gen": "Calle", "clase_geo": "Servicios e instalaciones", "calif_pos": "Definida", "codigo": 3164.0, "School_count": 0, "schoolscount": 0, "crime_count": 4 }, "geometry": { "type": "MultiLineString", "coordinates": [ [ [ -99.190178642272471, 19.39831528937982 ], [ -99.189931849999937, 19.399572950000085 ] ] ] } },
{ "type": "Feature", "properties": { "id": 322078266, "nom_obj": "Vialidad", "nom_geo": "Boulevard Adolfo López Mateos", "nom_cono": "N/D", "term_gen": "Periférico", "clase_geo": "Servicios e instalaciones", "calif_pos": "Definida", "codigo": 3157.0, "School_count": 0, "schoolscount": 0, "crime_count": 21 }, "geometry": { "type": "MultiLineString", "coordinates": [ [ [ -99.192316821274332, 19.401932734418505 ], [ -99.192077799999936, 19.402464550000037 ], [ -99.191987899999958, 19.40280620000005 ], [ -99.191882949999979, 19.403189750000021 ], [ -99.191700499999968, 19.403820550000042 ], [ -99.191669649999952, 19.403926150000064 ], [ -99.191619099999969, 19.404220600000031 ], [ -99.191604599999962, 19.404628900000027 ], [ -99.191622049999978, 19.404959100000056 ], [ -99.19166359999997, 19.405199650000039 ], [ -99.191769499999964, 19.405495950000073 ], [ -99.19187304999997, 19.405823050000023 ], [ -99.192108649999966, 19.406130200000074 ] ] ] } },
{ "type": "Feature", "properties": { "id": 322078274, "nom_obj": "Vialidad", "nom_geo": "General José María Cueto", "nom_cono": "N/D", "term_gen": "Calle", "clase_geo": "Servicios e instalaciones", "calif_pos": "Definida", "codigo": 3164.0, "School_count": 0, "schoolscount": 0, "crime_count": 15 }, "geometry": { "type": "MultiLineString", "coordinates": [ [ [ -99.194028099999969, 19.404526350000033 ], [ -99.193048149999981, 19.404635750000075 ], [ -99.192284, 19.404731 ] ] ] } },
{ "type": "Feature", "properties": { "id": 322078242, "nom_obj": "Vialidad", "nom_geo": "Cerrada Salvador Alvarado", "nom_cono": "N/D", "term_gen": "Calle", "clase_geo": "Servicios e instalaciones", "calif_pos": "Definida", "codigo": 3164.0, "School_count": 0, "schoolscount": 0, "crime_count": 11 }, "geometry": { "type": "MultiLineString", "coordinates": [ [ [ -99.180781499999981, 19.400926650000034 ], [ -99.179990099999941, 19.400649250000054 ], [ -99.17980584999998, 19.400600600000072 ] ] ] } },
{ "type": "Feature", "properties": { "id": 322078246, "nom_obj": "Vialidad", "nom_geo": "Mártires de la Conquista", "nom_cono": "N/D", "term_gen": "Calle", "clase_geo": "Servicios e instalaciones", "calif_pos": "Definida", "codigo": 3164.0, "School_count": 0, "schoolscount": 0, "crime_count": 31 }, "geometry": { "type": "MultiLineString", "coordinates": [ [ [ -99.179990099999941, 19.400649250000054 ], [ -99.18076764999995, 19.400585100000075 ], [ -99.180901049999989, 19.400577200000026 ], [ -99.181704699999955, 19.400529700000064 ], [ -99.182198349999965, 19.400508200000033 ], [ -99.183414299999981, 19.40045415000003 ] ] ] } },
{ "type": "Feature", "properties": { "id": 322078298, "nom_obj": "Vialidad", "nom_geo": "General Juan Villegas", "nom_cono": "N/D", "term_gen": "Calle", "clase_geo": "Servicios e instalaciones", "calif_pos": "Definida", "codigo": 3164.0, "School_count": 0, "schoolscount": 0, "crime_count": 6 }, "geometry": { "type": "MultiLineString", "coordinates": [ [ [ -99.19622094999994, 19.404867150000033 ], [ -99.196302299999971, 19.405213050000068 ], [ -99.196377749999954, 19.405492900000088 ], [ -99.196463899999983, 19.405848400000032 ], [ -99.196552799999949, 19.406216650000044 ] ] ] } },
{ "type": "Feature", "properties": { "id": 322078322, "nom_obj": "Vialidad", "nom_geo": "Privada General Jesús Alonso Flores", "nom_cono": "N/D", "term_gen": "Calle", "clase_geo": "Servicios e instalaciones", "calif_pos": "Definida", "codigo": 3164.0, "School_count": 0, "schoolscount": 0, "crime_count": 3 }, "geometry": { "type": "MultiLineString", "coordinates": [ [ [ -99.196063349999974, 19.406036600000039 ], [ -99.196014349999984, 19.405837650000031 ], [ -99.195956, 19.40558005000004 ] ] ] } },
{ "type": "Feature", "properties": { "id": 322078334, "nom_obj": "Vialidad", "nom_geo": "La Marina", "nom_cono": "N/D", "term_gen": "Calle", "clase_geo": "Servicios e instalaciones", "calif_pos": "Definida", "codigo": 3164.0, "School_count": 0, "schoolscount": 0, "crime_count": 23 }, "geometry": { "type": "MultiLineString", "coordinates": [ [ [ -99.19326314999995, 19.406183150000064 ], [ -99.193123, 19.405216250000016 ], [ -99.193048149999981, 19.404635750000075 ], [ -99.192967599999974, 19.403985500000033 ], [ -99.192919149999966, 19.403686400000023 ] ] ] } },
{ "type": "Feature", "properties": { "id": 322078307, "nom_obj": "Vialidad", "nom_geo": "Gobernador Agustín Vicente Eguía", "nom_cono": "N/D", "term_gen": "Calle", "clase_geo": "Servicios e instalaciones", "calif_pos": "Definida", "codigo": 3164.0, "School_count": 0, "schoolscount": 0, "crime_count": 40 }, "geometry": { "type": "MultiLineString", "coordinates": [ [ [ -99.189579849999973, 19.407761450000063 ], [ -99.189938299999937, 19.407733800000088 ], [ -99.190210899999954, 19.407748950000045 ], [ -99.190472399999976, 19.407786900000083 ], [ -99.190863199999967, 19.407877600000056 ], [ -99.191169049999985, 19.407971 ], [ -99.191251299999976, 19.408025750000039 ], [ -99.191294199999959, 19.408129400000067 ] ] ] } },
{ "type": "Feature", "properties": { "id": 322078308, "nom_obj": "Vialidad", "nom_geo": "Gobernador Gregorio V. Gelati", "nom_cono": "N/D", "term_gen": "Privada", "clase_geo": "Servicios e instalaciones", "calif_pos": "Definida", "codigo": 3158.0, "School_count": 0, "schoolscount": 0, "crime_count": 0 }, "geometry": { "type": "MultiLineString", "coordinates": [ [ [ -99.18805, 19.412268200000028 ], [ -99.188166199999955, 19.41202460000007 ] ] ] } },
{ "type": "Feature", "properties": { "id": 322078314, "nom_obj": "Vialidad", "nom_geo": "Tránsito", "nom_cono": "N/D", "term_gen": "Continuación", "clase_geo": "Servicios e instalaciones", "calif_pos": "Definida", "codigo": 3151.0, "School_count": 0, "schoolscount": 0, "crime_count": 24 }, "geometry": { "type": "MultiLineString", "coordinates": [ [ [ -99.1864594, 19.399923650000051 ], [ -99.186223699999971, 19.399884750000069 ], [ -99.1858284, 19.399865900000076 ], [ -99.184954149999953, 19.399867350000012 ] ] ] } },
{ "type": "Feature", "properties": { "id": 322078326, "nom_obj": "Vialidad", "nom_geo": "Generales", "nom_cono": "N/D", "term_gen": "Calle", "clase_geo": "Servicios e instalaciones", "calif_pos": "Definida", "codigo": 3164.0, "School_count": 0, "schoolscount": 0, "crime_count": 3 }, "geometry": { "type": "MultiLineString", "coordinates": [ [ [ -99.196463899999983, 19.405848400000032 ], [ -99.196063349999974, 19.406036600000039 ], [ -99.194950099999971, 19.406535950000031 ] ] ] } },
{ "type": "Feature", "properties": { "id": 322078349, "nom_obj": "Vialidad", "nom_geo": "Molino del Rey", "nom_cono": "N/D", "term_gen": "Avenida", "clase_geo": "Servicios e instalaciones", "calif_pos": "Definida", "codigo": 3144.0, "School_count": 0, "schoolscount": 0, "crime_count": 1 }, "geometry": { "type": "MultiLineString", "coordinates": [ [ [ -99.192655299999956, 19.417352650000055 ], [ -99.192427649999956, 19.416360500000039 ], [ -99.192205199999989, 19.415140800000081 ], [ -99.19201019999997, 19.414180500000043 ], [ -99.191940249999959, 19.413529500000035 ], [ -99.192072249999967, 19.413400050000064 ] ] ] } },
{ "type": "Feature", "properties": { "id": 322078359, "nom_obj": "Vialidad", "nom_geo": "General Luis Ghilardi", "nom_cono": "N/D", "term_gen": "Cerrada", "clase_geo": "Servicios e instalaciones", "calif_pos": "Definida", "codigo": 3148.0, "School_count": 0, "schoolscount": 0, "crime_count": 10 }, "geometry": { "type": "MultiLineString", "coordinates": [ [ [ -99.193738, 19.405841800000076 ], [ -99.193803849999938, 19.406060850000078 ], [ -99.193909949999977, 19.406499700000033 ], [ -99.194046649999962, 19.407080950000033 ] ] ] } },
{ "type": "Feature", "properties": { "id": 322078367, "nom_obj": "Vialidad", "nom_geo": "Héroes de la Intervención", "nom_cono": "N/D", "term_gen": "Calle", "clase_geo": "Servicios e instalaciones", "calif_pos": "Definida", "codigo": 3164.0, "School_count": 0, "schoolscount": 0, "crime_count": 16 }, "geometry": { "type": "MultiLineString", "coordinates": [ [ [ -99.188563199999976, 19.395701650000053 ], [ -99.188595199999952, 19.396169950000072 ], [ -99.188620199999946, 19.396916500000032 ], [ -99.188654349999979, 19.397711200000046 ] ] ] } },
{ "type": "Feature", "properties": { "id": 322078381, "nom_obj": "Vialidad", "nom_geo": "N/D", "nom_cono": "N/D", "term_gen": "Andador", "clase_geo": "Servicios e instalaciones", "calif_pos": "Definida", "codigo": 3143.0, "School_count": 0, "schoolscount": 0, "crime_count": 7 }, "geometry": { "type": "MultiLineString", "coordinates": [ [ [ -99.198211299999969, 19.405325250000057 ], [ -99.197977949999938, 19.405087450000011 ] ] ] } },
{ "type": "Feature", "properties": { "id": 322078389, "nom_obj": "Vialidad", "nom_geo": "Rufina", "nom_cono": "N/D", "term_gen": "Calle", "clase_geo": "Servicios e instalaciones", "calif_pos": "Definida", "codigo": 3164.0, "School_count": 0, "schoolscount": 0, "crime_count": 72 }, "geometry": { "type": "MultiLineString", "coordinates": [ [ [ -99.188967299999945, 19.401598200000024 ], [ -99.18889305, 19.401804200000068 ], [ -99.18873259999998, 19.401937400000062 ], [ -99.188362, 19.402070500000054 ], [ -99.187673, 19.402277750000071 ] ] ] } },
{ "type": "Feature", "properties": { "id": 322078392, "nom_obj": "Vialidad", "nom_geo": "12 de Octubre", "nom_cono": "N/D", "term_gen": "Calle", "clase_geo": "Servicios e instalaciones", "calif_pos": "Definida", "codigo": 3164.0, "School_count": 0, "schoolscount": 0, "crime_count": 31 }, "geometry": { "type": "MultiLineString", "coordinates": [ [ [ -99.179008399999987, 19.400291500000058 ], [ -99.178113549999978, 19.399993900000034 ], [ -99.177844549999975, 19.399904400000025 ], [ -99.17719169999998, 19.399718250000028 ], [ -99.177185949999966, 19.399716600000058 ], [ -99.176286499999946, 19.399414200000017 ], [ -99.176198299999967, 19.399384550000043 ], [ -99.175391349999984, 19.399100400000069 ], [ -99.175326899999959, 19.399077700000092 ], [ -99.174471149999988, 19.398820050000044 ] ] ] } },
{ "type": "Feature", "properties": { "id": 322078397, "nom_obj": "Vialidad", "nom_geo": "Sindicalismo", "nom_cono": "N/D", "term_gen": "Calle", "clase_geo": "Servicios e instalaciones", "calif_pos": "Definida", "codigo": 3164.0, "School_count": 0, "schoolscount": 0, "crime_count": 28 }, "geometry": { "type": "MultiLineString", "coordinates": [ [ [ -99.172612241615241, 19.403929793440625 ], [ -99.172835, 19.403279450000063 ], [ -99.173049899999967, 19.4026661 ], [ -99.173050549999971, 19.402664400000074 ], [ -99.173219699999947, 19.402216150000068 ], [ -99.173692, 19.40094710000001 ], [ -99.173692299999971, 19.400946350000059 ], [ -99.174471149999988, 19.398820050000044 ], [ -99.174518899999953, 19.398540150000024 ] ] ] } },
{ "type": "Feature", "properties": { "id": 322078400, "nom_obj": "Vialidad", "nom_geo": "Mutualismo", "nom_cono": "N/D", "term_gen": "Calle", "clase_geo": "Servicios e instalaciones", "calif_pos": "Definida", "codigo": 3164.0, "School_count": 0, "schoolscount": 0, "crime_count": 29 }, "geometry": { "type": "MultiLineString", "coordinates": [ [ [ -99.1731261, 19.402184 ], [ -99.172773899999981, 19.401369600000066 ], [ -99.17264629999994, 19.401051850000044 ], [ -99.172441899999967, 19.400542800000029 ], [ -99.17240295, 19.400445850000036 ], [ -99.172095449999972, 19.39967865000007 ] ] ] } },
{ "type": "Feature", "properties": { "id": 322078402, "nom_obj": "Vialidad", "nom_geo": "Cerrada Sindicalismo", "nom_cono": "N/D", "term_gen": "Calle", "clase_geo": "Servicios e instalaciones", "calif_pos": "Definida", "codigo": 3164.0, "School_count": 0, "schoolscount": 0, "crime_count": 8 }, "geometry": { "type": "MultiLineString", "coordinates": [ [ [ -99.173219699999947, 19.402216150000068 ], [ -99.1731261, 19.402184 ], [ -99.17232205, 19.401907800000046 ] ] ] } },
{ "type": "Feature", "properties": { "id": 322078432, "nom_obj": "Vialidad", "nom_geo": "General Salvador Alvarado", "nom_cono": "N/D", "term_gen": "Andador", "clase_geo": "Servicios e instalaciones", "calif_pos": "Definida", "codigo": 3143.0, "School_count": 0, "schoolscount": 0, "crime_count": 21 }, "geometry": { "type": "MultiLineString", "coordinates": [ [ [ -99.179012149999949, 19.405732350000061 ], [ -99.178894951490662, 19.406063429601584 ] ] ] } },
{ "type": "Feature", "properties": { "id": 322078443, "nom_obj": "Vialidad", "nom_geo": "General Gómez Pedraza", "nom_cono": "N/D", "term_gen": "Calle", "clase_geo": "Servicios e instalaciones", "calif_pos": "Definida", "codigo": 3164.0, "School_count": 0, "schoolscount": 0, "crime_count": 35 }, "geometry": { "type": "MultiLineString", "coordinates": [ [ [ -99.181089099999951, 19.413302550000022 ], [ -99.181647899999987, 19.413503 ], [ -99.181740049999974, 19.413551650000045 ], [ -99.18185035, 19.413609850000082 ], [ -99.182923849999952, 19.413999100000126 ], [ -99.183106099999975, 19.414062400000027 ], [ -99.184255749999977, 19.414461800000048 ], [ -99.185111649999953, 19.414759100000015 ], [ -99.185215099999937, 19.41479865 ], [ -99.185784749999982, 19.415016400000074 ] ] ] } },
{ "type": "Feature", "properties": { "id": 322078446, "nom_obj": "Vialidad", "nom_geo": "Alumnos", "nom_cono": "N/D", "term_gen": "Calle", "clase_geo": "Servicios e instalaciones", "calif_pos": "Definida", "codigo": 3164.0, "School_count": 0, "schoolscount": 0, "crime_count": 9 }, "geometry": { "type": "MultiLineString", "coordinates": [ [ [ -99.1804254, 19.414539900000033 ], [ -99.181134849999978, 19.414786 ], [ -99.181272699999965, 19.414836150000056 ], [ -99.182312599999989, 19.415214600000109 ], [ -99.182639, 19.415328 ], [ -99.183755699999949, 19.415716150000026 ] ] ] } },
{ "type": "Feature", "properties": { "id": 322078461, "nom_obj": "Vialidad", "nom_geo": "Ex Arzobispado", "nom_cono": "N/D", "term_gen": "Calle", "clase_geo": "Servicios e instalaciones", "calif_pos": "Definida", "codigo": 3164.0, "School_count": 0, "schoolscount": 0, "crime_count": 31 }, "geometry": { "type": "MultiLineString", "coordinates": [ [ [ -99.19669319999997, 19.40321555 ], [ -99.196825499999989, 19.404136350000048 ], [ -99.19690989999998, 19.404785950000086 ], [ -99.196976499999948, 19.40508750000004 ], [ -99.197036899999944, 19.405362700000055 ], [ -99.197080849999963, 19.405650100000056 ], [ -99.197096899999963, 19.405821850000077 ] ] ] } },
{ "type": "Feature", "properties": { "id": 322078463, "nom_obj": "Vialidad", "nom_geo": "Gaviota", "nom_cono": "N/D", "term_gen": "Calle", "clase_geo": "Servicios e instalaciones", "calif_pos": "Definida", "codigo": 3164.0, "School_count": 0, "schoolscount": 0, "crime_count": 41 }, "geometry": { "type": "MultiLineString", "coordinates": [ [ [ -99.191401399999961, 19.400575950000064 ], [ -99.191397249999966, 19.401007900000028 ], [ -99.191392299999961, 19.401538700000078 ], [ -99.191392299999961, 19.401542950000092 ], [ -99.191353749999962, 19.402087450000021 ], [ -99.191350199999988, 19.402432450000081 ], [ -99.191349249999973, 19.402524650000014 ], [ -99.191346199999941, 19.40318775 ], [ -99.191335, 19.403656500000071 ], [ -99.191321599999981, 19.403719550000055 ], [ -99.191286299999945, 19.403739050000063 ], [ -99.191188799999964, 19.403761700000061 ], [ -99.191026049999948, 19.403788850000041 ], [ -99.190734499999962, 19.403932050000044 ] ] ] } },
{ "type": "Feature", "properties": { "id": 322078464, "nom_obj": "Vialidad", "nom_geo": "28 de Agosto", "nom_cono": "N/D", "term_gen": "Calle", "clase_geo": "Servicios e instalaciones", "calif_pos": "Definida", "codigo": 3164.0, "School_count": 0, "schoolscount": 0, "crime_count": 8 }, "geometry": { "type": "MultiLineString", "coordinates": [ [ [ -99.178158249999967, 19.397532500000072 ], [ -99.178138799999957, 19.399241400000058 ], [ -99.178158099999962, 19.399553050000062 ] ] ] } },
{ "type": "Feature", "properties": { "id": 322078465, "nom_obj": "Vialidad", "nom_geo": "13 de Septiembre", "nom_cono": "N/D", "term_gen": "Calle", "clase_geo": "Servicios e instalaciones", "calif_pos": "Definida", "codigo": 3164.0, "School_count": 0, "schoolscount": 0, "crime_count": 41 }, "geometry": { "type": "MultiLineString", "coordinates": [ [ [ -99.18382859999997, 19.398816550000053 ], [ -99.182671349999964, 19.398963800000068 ], [ -99.180473649999954, 19.399181750000032 ], [ -99.18029654999998, 19.399174100000049 ], [ -99.180005149999943, 19.399161500000041 ], [ -99.179481299999964, 19.399176650000062 ], [ -99.178874299999961, 19.399205600000077 ], [ -99.178138799999957, 19.399241400000058 ] ] ] } },
{ "type": "Feature", "properties": { "id": 322078466, "nom_obj": "Vialidad", "nom_geo": "Doctora", "nom_cono": "N/D", "term_gen": "Calle", "clase_geo": "Servicios e instalaciones", "calif_pos": "Definida", "codigo": 3164.0, "School_count": 0, "schoolscount": 0, "crime_count": 93 }, "geometry": { "type": "MultiLineString", "coordinates": [ [ [ -99.186757349999937, 19.402186950000051 ], [ -99.185902749999983, 19.402224100000069 ], [ -99.184739899999954, 19.402228350000058 ] ] ] } },
{ "type": "Feature", "properties": { "id": 322078467, "nom_obj": "Vialidad", "nom_geo": "Calle Poniente 73-A", "nom_cono": "N/D", "term_gen": "Calle", "clase_geo": "Servicios e instalaciones", "calif_pos": "Definida", "codigo": 3164.0, "School_count": 0, "schoolscount": 0, "crime_count": 3 }, "geometry": { "type": "MultiLineString", "coordinates": [ [ [ -99.199883899999975, 19.403747400000043 ], [ -99.200084449999963, 19.403794150000056 ], [ -99.20063, 19.403865350000061 ], [ -99.2007334, 19.403862700000037 ], [ -99.201516899999945, 19.403838050000026 ], [ -99.2017335, 19.403837850000066 ], [ -99.202260649999985, 19.4038285500001 ], [ -99.203052449999973, 19.403819700000017 ], [ -99.203732399999978, 19.403826900000073 ] ] ] } },
{ "type": "Feature", "properties": { "id": 322078477, "nom_obj": "Vialidad", "nom_geo": "Cerrada Joublanc", "nom_cono": "N/D", "term_gen": "Calle", "clase_geo": "Servicios e instalaciones", "calif_pos": "Definida", "codigo": 3164.0, "School_count": 0, "schoolscount": 0, "crime_count": 16 }, "geometry": { "type": "MultiLineString", "coordinates": [ [ [ -99.184693149999987, 19.402766800000045 ], [ -99.18589604999994, 19.402769200000034 ], [ -99.186734699999988, 19.402771150000046 ] ] ] } },
{ "type": "Feature", "properties": { "id": 322078478, "nom_obj": "Vialidad", "nom_geo": "Doctor Eduardo Joublanc", "nom_cono": "N/D", "term_gen": "Calle", "clase_geo": "Servicios e instalaciones", "calif_pos": "Definida", "codigo": 3164.0, "School_count": 0, "schoolscount": 0, "crime_count": 21 }, "geometry": { "type": "MultiLineString", "coordinates": [ [ [ -99.185902749999983, 19.402224100000069 ], [ -99.18589604999994, 19.402769200000034 ], [ -99.18588515, 19.403265600000047 ] ] ] } },
{ "type": "Feature", "properties": { "id": 322078481, "nom_obj": "Vialidad", "nom_geo": "Gobernador Tiburcio Montiel", "nom_cono": "N/D", "term_gen": "Calle", "clase_geo": "Servicios e instalaciones", "calif_pos": "Definida", "codigo": 3164.0, "School_count": 0, "schoolscount": 0, "crime_count": 26 }, "geometry": { "type": "MultiLineString", "coordinates": [ [ [ -99.18644734999998, 19.411693400000043 ], [ -99.186218749999966, 19.412201600000067 ], [ -99.186197199999981, 19.412256500000062 ], [ -99.186041899999964, 19.412652700000024 ], [ -99.186017749999962, 19.412722650000049 ], [ -99.185876349999944, 19.413133100000056 ], [ -99.185846049999952, 19.413205750000042 ], [ -99.185640649999982, 19.413697700000075 ], [ -99.18561434999998, 19.413765800000061 ], [ -99.185254699999973, 19.414697400000044 ], [ -99.185215099999937, 19.41479865 ], [ -99.185027, 19.415279900000041 ], [ -99.184993049999946, 19.415366750000018 ] ] ] } },
{ "type": "Feature", "properties": { "id": 322078482, "nom_obj": "Vialidad", "nom_geo": "Gobernador General José Morán", "nom_cono": "N/D", "term_gen": "Calle", "clase_geo": "Servicios e instalaciones", "calif_pos": "Definida", "codigo": 3164.0, "School_count": 0, "schoolscount": 0, "crime_count": 230 }, "geometry": { "type": "MultiLineString", "coordinates": [ [ [ -99.197159299999953, 19.409131450000075 ], [ -99.196866349999937, 19.409088500000038 ], [ -99.19646, 19.409090550000027 ], [ -99.195849449999983, 19.409092650000026 ], [ -99.195420849999948, 19.409094300000078 ], [ -99.194591599999967, 19.40911535 ], [ -99.194103, 19.40912430000003 ], [ -99.1939162, 19.409127700000063 ], [ -99.193550149999965, 19.409134350000059 ], [ -99.1926322, 19.409144149999978 ], [ -99.191335699999968, 19.409177600000074 ], [ -99.190955649999978, 19.40918015000009 ], [ -99.190375249999988, 19.409190450000022 ], [ -99.190232849999973, 19.409182450000039 ], [ -99.190120849999971, 19.409176150000043 ], [ -99.189050699999939, 19.409213750000056 ], [ -99.187953399999984, 19.409251250000072 ], [ -99.187887499999988, 19.409253500000045 ], [ -99.186691699999983, 19.409306050000048 ], [ -99.185907399999962, 19.40933450000006 ], [ -99.1857834, 19.409339 ], [ -99.185253449999948, 19.4093521500001 ], [ -99.184984349999979, 19.409364400000065 ], [ -99.183501054266799, 19.409406499878955 ] ] ] } },
{ "type": "Feature", "properties": { "id": 322078486, "nom_obj": "Vialidad", "nom_geo": "Circuito Interior", "nom_cono": "Revolución", "term_gen": "Circuito", "clase_geo": "Servicios e instalaciones", "calif_pos": "Definida", "codigo": 3149.0, "School_count": 0, "schoolscount": 0, "crime_count": 242 }, "geometry": { "type": "MultiLineString", "coordinates": [ [ [ -99.184270849144511, 19.407815988167851 ], [ -99.18433129999994, 19.407487900000014 ], [ -99.18441344999998, 19.406384 ], [ -99.18442165, 19.406273850000051 ], [ -99.18452805, 19.405208750000046 ], [ -99.184538349999968, 19.405105800000037 ], [ -99.184616549999987, 19.404005650000052 ], [ -99.184659899999986, 19.403304550000026 ], [ -99.184693149999987, 19.402766800000045 ], [ -99.184698799999978, 19.402674950000065 ], [ -99.184739899999954, 19.402228350000058 ], [ -99.184816649999959, 19.401447800000035 ], [ -99.184824399999968, 19.401369350000074 ], [ -99.1848786, 19.40059425000004 ], [ -99.184905699999945, 19.400318200000022 ], [ -99.18493234999994, 19.400047150000056 ], [ -99.184939499999984, 19.399988350000065 ], [ -99.184954149999953, 19.399867350000012 ], [ -99.184967, 19.399624050000053 ], [ -99.184995349999951, 19.399085650000021 ], [ -99.18501575, 19.398698650000028 ], [ -99.185022599999968, 19.398553050000064 ], [ -99.185077649999982, 19.398001350000076 ], [ -99.185101, 19.397702600000066 ], [ -99.18515175, 19.397293350000066 ], [ -99.185179599999969, 19.397056550000077 ], [ -99.185311747563432, 19.395933320710309 ] ] ] } },
{ "type": "Feature", "properties": { "id": 322078487, "nom_obj": "Vialidad", "nom_geo": "Jalisco", "nom_cono": "N/D", "term_gen": "Calle", "clase_geo": "Servicios e instalaciones", "calif_pos": "Definida", "codigo": 3164.0, "School_count": 0, "schoolscount": 0, "crime_count": 86 }, "geometry": { "type": "MultiLineString", "coordinates": [ [ [ -99.186757349999937, 19.402186950000051 ], [ -99.186734699999988, 19.402771150000046 ], [ -99.186716299999944, 19.403246950000035 ] ] ] } },
{ "type": "Feature", "properties": { "id": 322078489, "nom_obj": "Vialidad", "nom_geo": "Observatorio", "nom_cono": "N/D", "term_gen": "Avenida", "clase_geo": "Servicios e instalaciones", "calif_pos": "Definida", "codigo": 3144.0, "School_count": 0, "schoolscount": 0, "crime_count": 211 }, "geometry": { "type": "MultiLineString", "coordinates": [ [ [ -99.212674099999958, 19.399764900000051 ], [ -99.212673923836746, 19.399764944784938 ] ], [ [ -99.210854820052475, 19.400307344030391 ], [ -99.210471749999954, 19.400448200000028 ], [ -99.20952884999997, 19.400593300000057 ], [ -99.209004, 19.400681450000047 ], [ -99.208372799999964, 19.400782 ], [ -99.207824749999986, 19.40086 ], [ -99.20779349999998, 19.40086480000004 ], [ -99.206119549999983, 19.40109855000005 ], [ -99.205022249999956, 19.401230750000032 ], [ -99.204543649999948, 19.401280850000042 ], [ -99.204493799999966, 19.401289450000046 ], [ -99.20381447499804, 19.401357422455852 ] ], [ [ -99.203719400291561, 19.401367637120469 ], [ -99.203700749999939, 19.401371950000062 ], [ -99.203039599999954, 19.401445250000037 ], [ -99.202449749999971, 19.401515450000019 ], [ -99.202190349999967, 19.401539750000033 ], [ -99.201875499999971, 19.401573850000041 ], [ -99.201482199999987, 19.401678800000106 ], [ -99.201364699999942, 19.401715450000072 ], [ -99.201016290788985, 19.401835235918082 ] ], [ [ -99.199872444845695, 19.402276438088141 ], [ -99.199863449970024, 19.402279944802356 ] ], [ [ -99.199731261179167, 19.402332069484828 ], [ -99.199451599999975, 19.40244675000006 ], [ -99.199310088721845, 19.402505644182892 ] ], [ [ -99.198701140332787, 19.402767870158524 ], [ -99.198386949999986, 19.402907450000072 ], [ -99.198257099999978, 19.402955400000099 ], [ -99.1980999, 19.403005700000055 ], [ -99.197971799999948, 19.403040750000066 ], [ -99.197720799999956, 19.403083550000066 ], [ -99.197573199999965, 19.403109600000029 ], [ -99.197535199999948, 19.403114650000074 ], [ -99.19669319999997, 19.40321555 ], [ -99.196606599999939, 19.403225450000033 ], [ -99.196333099999947, 19.403256350000067 ], [ -99.195846399999937, 19.403308250000112 ], [ -99.195418399999937, 19.403353 ], [ -99.194603249999943, 19.403477400000028 ], [ -99.194236649999937, 19.403536800000055 ], [ -99.194078649999938, 19.403554 ], [ -99.193776299999982, 19.403584350000077 ], [ -99.193669949999958, 19.403595300000081 ], [ -99.192919149999966, 19.403686400000023 ], [ -99.19238, 19.40375215000007 ], [ -99.192198899999951, 19.403765050000043 ], [ -99.191700499999968, 19.403820550000042 ], [ -99.191208049999943, 19.403880450000035 ], [ -99.190951149999989, 19.403914500000049 ], [ -99.190734499999962, 19.403932050000044 ], [ -99.1901739, 19.403975950000067 ], [ -99.18988075, 19.404003600000053 ], [ -99.189679249999983, 19.403995550000033 ], [ -99.189409799999964, 19.403976150000073 ], [ -99.189255799999955, 19.403944500000048 ], [ -99.188283199999944, 19.40394680000006 ], [ -99.18771634999996, 19.403944350000064 ], [ -99.18695959999998, 19.4039357 ], [ -99.186375699999985, 19.403925650000069 ] ] ] } },
{ "type": "Feature", "properties": { "id": 322078495, "nom_obj": "Vialidad", "nom_geo": "Barranquilla", "nom_cono": "N/D", "term_gen": "Calle", "clase_geo": "Servicios e instalaciones", "calif_pos": "Definida", "codigo": 3164.0, "School_count": 0, "schoolscount": 0, "crime_count": 14 }, "geometry": { "type": "MultiLineString", "coordinates": [ [ [ -99.194570449999958, 19.407432850000088 ], [ -99.194449899999938, 19.407227950000024 ], [ -99.194046649999962, 19.407080950000033 ], [ -99.193434549999949, 19.40683940000002 ], [ -99.192676649999953, 19.40653905000007 ], [ -99.192282249999948, 19.40639 ], [ -99.192204249999989, 19.406360550000045 ] ] ] } },
{ "type": "Feature", "properties": { "id": 322078499, "nom_obj": "Vialidad", "nom_geo": "General Luis Tola", "nom_cono": "N/D", "term_gen": "Calle", "clase_geo": "Servicios e instalaciones", "calif_pos": "Definida", "codigo": 3164.0, "School_count": 0, "schoolscount": 0, "crime_count": 3 }, "geometry": { "type": "MultiLineString", "coordinates": [ [ [ -99.199193649999984, 19.404589550000029 ], [ -99.1999006, 19.40456115000007 ], [ -99.200126449999971, 19.404552050000056 ], [ -99.200745249999954, 19.404540450000084 ] ] ] } },
{ "type": "Feature", "properties": { "id": 322078500, "nom_obj": "Vialidad", "nom_geo": "Gobernador Antonio Diez de Bonilla", "nom_cono": "N/D", "term_gen": "Calle", "clase_geo": "Servicios e instalaciones", "calif_pos": "Definida", "codigo": 3164.0, "School_count": 0, "schoolscount": 0, "crime_count": 17 }, "geometry": { "type": "MultiLineString", "coordinates": [ [ [ -99.185623049999947, 19.405325200000071 ], [ -99.186457799999971, 19.40525670000007 ], [ -99.188164949999987, 19.404942 ] ] ] } },
{ "type": "Feature", "properties": { "id": 322088674, "nom_obj": "Vialidad", "nom_geo": "8 de Septiembre", "nom_cono": "N/D", "term_gen": "Calle", "clase_geo": "Servicios e instalaciones", "calif_pos": "Definida", "codigo": 3164.0, "School_count": 0, "schoolscount": 0, "crime_count": 6 }, "geometry": { "type": "MultiLineString", "coordinates": [ [ [ -99.199193649999984, 19.404589550000029 ], [ -99.199212799999941, 19.405257300000045 ] ] ] } },
{ "type": "Feature", "properties": { "id": 322088691, "nom_obj": "Vialidad", "nom_geo": "Jalisco", "nom_cono": "N/D", "term_gen": "Avenida", "clase_geo": "Servicios e instalaciones", "calif_pos": "Definida", "codigo": 3144.0, "School_count": 0, "schoolscount": 0, "crime_count": 140 }, "geometry": { "type": "MultiLineString", "coordinates": [ [ [ -99.188576049999938, 19.400477850000062 ], [ -99.188050499999974, 19.40149125000007 ], [ -99.187673, 19.402277750000071 ], [ -99.187549949999948, 19.402353350000073 ], [ -99.187041599999986, 19.402518500000056 ] ] ] } },
{ "type": "Feature", "properties": { "id": 322088693, "nom_obj": "Vialidad", "nom_geo": "Calzada de Becerra", "nom_cono": "N/D", "term_gen": "Calzada", "clase_geo": "Servicios e instalaciones", "calif_pos": "Definida", "codigo": 3146.0, "School_count": 0, "schoolscount": 0, "crime_count": 52 }, "geometry": { "type": "MultiLineString", "coordinates": [ [ [ -99.187765499999955, 19.398434500000103 ], [ -99.187917049999953, 19.399025650000038 ], [ -99.187999799999943, 19.39942985000004 ], [ -99.18809129999994, 19.39972575000008 ], [ -99.188262449999968, 19.400101500000062 ], [ -99.188359699999978, 19.40038240000009 ] ] ] } },
{ "type": "Feature", "properties": { "id": 322088712, "nom_obj": "Vialidad", "nom_geo": "José María Vigil", "nom_cono": "N/D", "term_gen": "Calle", "clase_geo": "Servicios e instalaciones", "calif_pos": "Definida", "codigo": 3164.0, "School_count": 0, "schoolscount": 0, "crime_count": 59 }, "geometry": { "type": "MultiLineString", "coordinates": [ [ [ -99.186455249999938, 19.401473250000045 ], [ -99.187114749999978, 19.401484600000071 ], [ -99.187620549999963, 19.401506750000067 ] ] ] } },
{ "type": "Feature", "properties": { "id": 322088721, "nom_obj": "Vialidad", "nom_geo": "General Enrique Torroella", "nom_cono": "N/D", "term_gen": "Calle", "clase_geo": "Servicios e instalaciones", "calif_pos": "Definida", "codigo": 3164.0, "School_count": 0, "schoolscount": 0, "crime_count": 5 }, "geometry": { "type": "MultiLineString", "coordinates": [ [ [ -99.191323899999986, 19.409812350000031 ], [ -99.191373499999955, 19.410678050000062 ] ] ] } },
{ "type": "Feature", "properties": { "id": 322088723, "nom_obj": "Vialidad", "nom_geo": "General Ignacio Alatorre", "nom_cono": "N/D", "term_gen": "Calle", "clase_geo": "Servicios e instalaciones", "calif_pos": "Definida", "codigo": 3164.0, "School_count": 0, "schoolscount": 0, "crime_count": 13 }, "geometry": { "type": "MultiLineString", "coordinates": [ [ [ -99.1945937, 19.410511550000024 ], [ -99.194595, 19.410274250000054 ], [ -99.194599749999952, 19.409762900000047 ] ] ] } },
{ "type": "Feature", "properties": { "id": 322088726, "nom_obj": "Vialidad", "nom_geo": "General Pedro Hinojosa", "nom_cono": "N/D", "term_gen": "Calle", "clase_geo": "Servicios e instalaciones", "calif_pos": "Definida", "codigo": 3164.0, "School_count": 0, "schoolscount": 0, "crime_count": 2 }, "geometry": { "type": "MultiLineString", "coordinates": [ [ [ -99.198476249999942, 19.405296250000063 ], [ -99.198470849999978, 19.40521150000005 ], [ -99.198486299999956, 19.405001100000078 ] ] ] } },
{ "type": "Feature", "properties": { "id": 322090625, "nom_obj": "Vialidad", "nom_geo": "Cuarta Cerrada Observatorio", "nom_cono": "N/D", "term_gen": "Calle", "clase_geo": "Servicios e instalaciones", "calif_pos": "Definida", "codigo": 3164.0, "School_count": 0, "schoolscount": 0, "crime_count": 3 }, "geometry": { "type": "MultiLineString", "coordinates": [ [ [ -99.19633099322526, 19.403239189514682 ], [ -99.196333099999947, 19.403256350000067 ] ] ] } },
{ "type": "Feature", "properties": { "id": 322114121, "nom_obj": "Vialidad", "nom_geo": "N/D", "nom_cono": "N/D", "term_gen": "Calle", "clase_geo": "Servicios e instalaciones", "calif_pos": "Definida", "codigo": 3164.0, "School_count": 0, "schoolscount": 0, "crime_count": 7 }, "geometry": { "type": "MultiLineString", "coordinates": [ [ [ -99.189779949999945, 19.399711600000057 ], [ -99.190848949999975, 19.399690150000019 ] ] ] } },
{ "type": "Feature", "properties": { "id": 322114136, "nom_obj": "Vialidad", "nom_geo": "Adolfo López Mateos", "nom_cono": "N/D", "term_gen": "Calle", "clase_geo": "Servicios e instalaciones", "calif_pos": "Definida", "codigo": 3164.0, "School_count": 0, "schoolscount": 0, "crime_count": 24 }, "geometry": { "type": "MultiLineString", "coordinates": [ [ [ -99.19205814999998, 19.405932200000063 ], [ -99.192173, 19.405333100000039 ], [ -99.192206449999958, 19.405182650000036 ], [ -99.192284, 19.404731 ], [ -99.192293799999973, 19.40462325 ], [ -99.192325199999985, 19.404326550000047 ], [ -99.19238, 19.40375215000007 ] ] ] } },
{ "type": "Feature", "properties": { "id": 322077030, "nom_obj": "Vialidad", "nom_geo": "Constituyentes", "nom_cono": "N/D", "term_gen": "Avenida", "clase_geo": "Servicios e instalaciones", "calif_pos": "Definida", "codigo": 3144.0, "School_count": 0, "schoolscount": 0, "crime_count": 106 }, "geometry": { "type": "MultiLineString", "coordinates": [ [ [ -99.180447449999974, 19.416692500000071 ], [ -99.1808395, 19.416561950000077 ], [ -99.181192949999968, 19.416482200000065 ], [ -99.182214399999964, 19.416315650000044 ], [ -99.18235674999994, 19.416292450000093 ], [ -99.182716149999976, 19.416217150000033 ], [ -99.183713749999981, 19.415847800000058 ], [ -99.18386664999997, 19.415791200000054 ], [ -99.184993049999946, 19.415366750000018 ], [ -99.185252649999939, 19.415268950000041 ], [ -99.185784749999982, 19.415016400000074 ], [ -99.18638, 19.414720050000057 ], [ -99.186683249999987, 19.414569100000051 ], [ -99.18714515, 19.414331650000069 ], [ -99.188284649999957, 19.413745850000055 ], [ -99.188533599999971, 19.413618 ], [ -99.189913049999973, 19.412909550000052 ], [ -99.191248199999976, 19.41227085000002 ], [ -99.19147245, 19.41215895000007 ], [ -99.192267199999947, 19.411771700000031 ], [ -99.19363814999997, 19.411017650000066 ], [ -99.193814049999958, 19.410925600000034 ], [ -99.194188949999969, 19.410729450000101 ], [ -99.1945937, 19.410511550000024 ], [ -99.195084299999976, 19.410247400000028 ], [ -99.195712799999967, 19.409911100000045 ], [ -99.195953249999945, 19.409782450000012 ], [ -99.19659484999994, 19.409439150000019 ], [ -99.197159299999953, 19.409131450000075 ], [ -99.1978708, 19.408747050000038 ], [ -99.198566349999965, 19.40836510000004 ], [ -99.199144799999942, 19.408032 ], [ -99.199285649999979, 19.407964150000101 ], [ -99.199981899999955, 19.407578550000032 ], [ -99.200550199999952, 19.407272400000085 ], [ -99.200742249999962, 19.407172600000013 ], [ -99.20125785, 19.406871400000064 ], [ -99.202327149999974, 19.406295400000054 ], [ -99.202747899999963, 19.406049650000053 ], [ -99.202875749999976, 19.405974950000026 ], [ -99.204668749999939, 19.404819900000049 ], [ -99.205484249999984, 19.404311350000036 ], [ -99.206983399999956, 19.403362350000098 ], [ -99.208383149999975, 19.402454600000077 ], [ -99.208806549999963, 19.402212100000039 ], [ -99.210600199999988, 19.401091050000019 ], [ -99.210925949999989, 19.400887450000024 ], [ -99.21220754999996, 19.400081850000035 ], [ -99.212674099999958, 19.399764900000051 ], [ -99.21267582293423, 19.399763865823235 ] ], [ [ -99.213829213411103, 19.399137105548224 ], [ -99.213866199999984, 19.399117700000026 ], [ -99.214163099999951, 19.398999500000034 ], [ -99.21473304999995, 19.398756800000054 ], [ -99.215108654441408, 19.398624241793673 ] ], [ [ -99.216630190136527, 19.398132070974118 ], [ -99.216847499999972, 19.398065 ], [ -99.217077449999977, 19.397973950000068 ], [ -99.2178, 19.397746900000069 ], [ -99.218469149999976, 19.397525200000082 ], [ -99.219561749999968, 19.397175600000043 ], [ -99.219886849999966, 19.397069400000056 ], [ -99.22014305, 19.396993550000087 ], [ -99.220330249999961, 19.396958150000053 ], [ -99.220584599999938, 19.396899550000054 ], [ -99.22091254999998, 19.396802 ], [ -99.22149509999997, 19.396620450000064 ], [ -99.222057549999988, 19.396422200000075 ], [ -99.222290499999986, 19.396334200000076 ], [ -99.222474, 19.396258450000044 ], [ -99.22265619999996, 19.396182700000065 ], [ -99.223035449999941, 19.396044600000028 ], [ -99.223521049999988, 19.395898900000084 ], [ -99.223821749999971, 19.395833700000036 ], [ -99.224181849999979, 19.395768350000036 ], [ -99.224730049999948, 19.39571130000008 ], [ -99.224980799999969, 19.395692900000032 ], [ -99.225243249999949, 19.395696750000067 ], [ -99.225463049999973, 19.395696 ], [ -99.225773449999963, 19.39571610000008 ], [ -99.226045749999969, 19.395743850000038 ], [ -99.226389799999936, 19.395784950000049 ], [ -99.22664045, 19.395821900000062 ], [ -99.226692299999968, 19.395827950000047 ], [ -99.22681185, 19.39584185000005 ], [ -99.226992399999972, 19.395845150000056 ], [ -99.227159149999977, 19.395845800000071 ], [ -99.227300949999972, 19.395831600000097 ], [ -99.227351699999986, 19.39582055000006 ], [ -99.227420699999982, 19.395808050000031 ], [ -99.22824345, 19.39564155000005 ], [ -99.229052699999968, 19.395481350000061 ], [ -99.229759849999937, 19.395333700000041 ], [ -99.229837399999951, 19.395309950000058 ], [ -99.229995, 19.395263650000032 ], [ -99.230259649999937, 19.3951702 ], [ -99.230461949999949, 19.395102 ], [ -99.230555899999956, 19.395067050000034 ], [ -99.2306554, 19.395030050000063 ], [ -99.230855049999946, 19.394966550000042 ], [ -99.230988299999979, 19.394935450000027 ], [ -99.2311504, 19.394916850000058 ], [ -99.231318599999952, 19.394907900000064 ], [ -99.231454949999957, 19.394912800000039 ], [ -99.231644099999983, 19.394929450000063 ], [ -99.231996749999951, 19.394955750000101 ], [ -99.23213364999998, 19.39496 ], [ -99.232246, 19.394962050000043 ], [ -99.23244465, 19.394947750000039 ], [ -99.232554949999951, 19.394929350000037 ], [ -99.23258919999995, 19.394920400000061 ], [ -99.232638749999978, 19.394908150000038 ], [ -99.232764599999939, 19.394868500000019 ], [ -99.232902149999973, 19.394813450000083 ], [ -99.233419549999951, 19.394593950000075 ], [ -99.234236249999981, 19.394249200000058 ], [ -99.235423449999985, 19.393767900000036 ], [ -99.235540246630265, 19.39372211715455 ] ], [ [ -99.235712962189524, 19.39366008792398 ], [ -99.23584939999995, 19.393621750000012 ], [ -99.235989299999972, 19.393599850000047 ], [ -99.2361307, 19.393579450000061 ], [ -99.236238449999973, 19.393574200000014 ], [ -99.236350499999958, 19.393580600000075 ], [ -99.23646709999997, 19.393585600000062 ], [ -99.236797, 19.393614650000078 ], [ -99.236995199999967, 19.393632650000043 ], [ -99.237192249999964, 19.393634800000022 ], [ -99.237392599999964, 19.393621200000052 ], [ -99.237486849999982, 19.39361 ], [ -99.237648, 19.393594600000039 ], [ -99.23781809999997, 19.393556550000021 ], [ -99.237938949999943, 19.393525200000056 ], [ -99.238053099999945, 19.393484900000015 ], [ -99.238236599999937, 19.393395400000013 ], [ -99.238373149999973, 19.393317050000018 ], [ -99.238581299999964, 19.393180500000057 ], [ -99.238737949999972, 19.393059650000041 ], [ -99.238856599999963, 19.392943250000048 ], [ -99.238964, 19.392773150000046 ], [ -99.239035649999948, 19.392645600000034 ], [ -99.239084899999966, 19.39252475000006 ], [ -99.23912514999995, 19.392338950000021 ], [ -99.239127399999973, 19.392009150000057 ], [ -99.239021760092811, 19.390728072395454 ] ] ] } },
{ "type": "Feature", "properties": { "id": 322070181, "nom_obj": "Vialidad", "nom_geo": "Boulevard Adolfo López Mateos", "nom_cono": "N/D", "term_gen": "Periférico", "clase_geo": "Servicios e instalaciones", "calif_pos": "Definida", "codigo": 3157.0, "School_count": 0, "schoolscount": 0, "crime_count": 22 }, "geometry": { "type": "MultiLineString", "coordinates": [ [ [ -99.192198899999951, 19.403765050000043 ], [ -99.192192884904486, 19.403468962663986 ] ], [ [ -99.192187694570521, 19.403213472469417 ], [ -99.192187299999944, 19.403194050000039 ], [ -99.1921971999991, 19.40309585000859 ] ], [ [ -99.192197209266226, 19.403095765320217 ], [ -99.192248449999965, 19.402627500000069 ], [ -99.192248459230669, 19.402627414236044 ] ], [ [ -99.192320168632932, 19.401413941596662 ], [ -99.192295775373779, 19.401329782551795 ] ], [ [ -99.191459989699297, 19.400411350832147 ], [ -99.191281849999939, 19.40026470000004 ], [ -99.191239112966642, 19.400212845559246 ] ], [ [ -99.190926348752242, 19.399790963885408 ], [ -99.190848949999975, 19.399690150000019 ], [ -99.190614677226193, 19.399323232363667 ] ], [ [ -99.190565651099661, 19.399216668523898 ], [ -99.190476299999943, 19.399021749999978 ], [ -99.190475836744554, 19.399020619385439 ] ], [ [ -99.189922804242002, 19.39770656009242 ], [ -99.189922799999977, 19.397706550000052 ], [ -99.189922798604201, 19.39770654638728 ] ], [ [ -99.189872843485986, 19.397577558129857 ], [ -99.189594399999976, 19.396881400000041 ], [ -99.189288099999942, 19.396147900000081 ], [ -99.189095399999985, 19.3956863 ], [ -99.189055149999945, 19.395590350000109 ], [ -99.189055146800072, 19.395590342278528 ] ] ] } },
{ "type": "Feature", "properties": { "id": 322075546, "nom_obj": "Vialidad", "nom_geo": "Puente de la Morena", "nom_cono": "N/D", "term_gen": "Calle", "clase_geo": "Servicios e instalaciones", "calif_pos": "Definida", "codigo": 3164.0, "School_count": 0, "schoolscount": 0, "crime_count": 7 }, "geometry": { "type": "MultiLineString", "coordinates": [ [ [ -99.182239549999963, 19.396894550000081 ], [ -99.18222698484702, 19.396877881925953 ] ] ] } },
{ "type": "Feature", "properties": { "id": 322076211, "nom_obj": "Vialidad", "nom_geo": "Circuito Interior", "nom_cono": "Patriotismo", "term_gen": "Circuito", "clase_geo": "Servicios e instalaciones", "calif_pos": "Definida", "codigo": 3149.0, "School_count": 0, "schoolscount": 0, "crime_count": 25 }, "geometry": { "type": "MultiLineString", "coordinates": [ [ [ -99.177946799999972, 19.405748350000074 ], [ -99.177946818768348, 19.405748382881271 ] ], [ [ -99.18134950555627, 19.412730672205956 ], [ -99.181367099999989, 19.412843200000065 ] ] ] } },
{ "type": "Feature", "properties": { "id": 322077052, "nom_obj": "Vialidad", "nom_geo": "Gobernador Melchor Múzquiz", "nom_cono": "N/D", "term_gen": "Calle", "clase_geo": "Servicios e instalaciones", "calif_pos": "Definida", "codigo": 3164.0, "School_count": 0, "schoolscount": 0, "crime_count": 38 }, "geometry": { "type": "MultiLineString", "coordinates": [ [ [ -99.190724099999954, 19.410293100000036 ], [ -99.190505949999988, 19.410795850000078 ], [ -99.190131649999955, 19.411765900000017 ], [ -99.190112049999982, 19.4118157 ], [ -99.18970614999995, 19.412846250000033 ] ] ] } },
{ "type": "Feature", "properties": { "id": 322077116, "nom_obj": "Vialidad", "nom_geo": "General Mario Monterde", "nom_cono": "N/D", "term_gen": "Calle", "clase_geo": "Servicios e instalaciones", "calif_pos": "Definida", "codigo": 3164.0, "School_count": 0, "schoolscount": 0, "crime_count": 14 }, "geometry": { "type": "MultiLineString", "coordinates": [ [ [ -99.200636349999982, 19.405926600000058 ], [ -99.199886799999945, 19.405933050000023 ], [ -99.199701, 19.405934650000102 ], [ -99.19917984999995, 19.405943 ], [ -99.1987021, 19.40595065000003 ], [ -99.19847169999997, 19.405954250000029 ], [ -99.197782199999949, 19.405965100000039 ], [ -99.197695049999936, 19.405966500000044 ], [ -99.19732664999998, 19.405970250000077 ], [ -99.197086199999944, 19.405972700000056 ] ] ] } },
{ "type": "Feature", "properties": { "id": 322077236, "nom_obj": "Vialidad", "nom_geo": "David Herrera", "nom_cono": "N/D", "term_gen": "Calle", "clase_geo": "Servicios e instalaciones", "calif_pos": "Definida", "codigo": 3164.0, "School_count": 0, "schoolscount": 0, "crime_count": 13 }, "geometry": { "type": "MultiLineString", "coordinates": [ [ [ -99.179490299999941, 19.397431 ], [ -99.179505449999965, 19.398297250000034 ], [ -99.179481299999964, 19.399176650000062 ] ] ] } },
{ "type": "Feature", "properties": { "id": 322077462, "nom_obj": "Vialidad", "nom_geo": "Héroes de 1810", "nom_cono": "N/D", "term_gen": "Calle", "clase_geo": "Servicios e instalaciones", "calif_pos": "Definida", "codigo": 3164.0, "School_count": 0, "schoolscount": 0, "crime_count": 46 }, "geometry": { "type": "MultiLineString", "coordinates": [ [ [ -99.189489649999985, 19.398429450000023 ], [ -99.187818549999974, 19.398434500000068 ], [ -99.187765499999955, 19.398434500000103 ], [ -99.18640929999998, 19.398494450000065 ], [ -99.1853627, 19.398522400000033 ] ] ] } },
{ "type": "Feature", "properties": { "id": 322077483, "nom_obj": "Vialidad", "nom_geo": "Mártires de Tacubaya", "nom_cono": "N/D", "term_gen": "Calle", "clase_geo": "Servicios e instalaciones", "calif_pos": "Definida", "codigo": 3164.0, "School_count": 0, "schoolscount": 0, "crime_count": 61 }, "geometry": { "type": "MultiLineString", "coordinates": [ [ [ -99.189594399999976, 19.396881400000041 ], [ -99.18922195, 19.39689260000004 ], [ -99.188620199999946, 19.396916500000032 ], [ -99.187484199999972, 19.396965250000054 ], [ -99.186394899999982, 19.397003 ], [ -99.18639025, 19.397003200000025 ], [ -99.185179599999969, 19.397056550000077 ], [ -99.18503684999996, 19.397062800000089 ], [ -99.184682699999939, 19.397083800000075 ], [ -99.182502399999976, 19.3971966 ], [ -99.182479699999988, 19.397197800000058 ] ] ] } },
{ "type": "Feature", "properties": { "id": 322077504, "nom_obj": "Vialidad", "nom_geo": "General Francisco Molinos del Campo", "nom_cono": "N/D", "term_gen": "Cerrada", "clase_geo": "Servicios e instalaciones", "calif_pos": "Definida", "codigo": 3148.0, "School_count": 0, "schoolscount": 0, "crime_count": 13 }, "geometry": { "type": "MultiLineString", "coordinates": [ [ [ -99.18928649999998, 19.410539300000064 ], [ -99.189003899999989, 19.411351250000031 ], [ -99.188985449999961, 19.411408650000055 ], [ -99.188969249999971, 19.411459050000065 ], [ -99.188595049999947, 19.412411600000045 ], [ -99.188575549999939, 19.412455500000068 ], [ -99.188551599999982, 19.412509450000069 ], [ -99.188124949999974, 19.413475050000056 ] ] ] } },
{ "type": "Feature", "properties": { "id": 322077593, "nom_obj": "Vialidad", "nom_geo": "Carlos B. Zetina", "nom_cono": "N/D", "term_gen": "Calle", "clase_geo": "Servicios e instalaciones", "calif_pos": "Definida", "codigo": 3164.0, "School_count": 0, "schoolscount": 0, "crime_count": 53 }, "geometry": { "type": "MultiLineString", "coordinates": [ [ [ -99.18320314999994, 19.403342550000026 ], [ -99.183144049999953, 19.403951400000047 ], [ -99.183042499999942, 19.40511150000005 ], [ -99.182985699999961, 19.40583430000007 ], [ -99.182953099999978, 19.405923650000066 ], [ -99.182480007334505, 19.407220568935816 ] ] ] } },
{ "type": "Feature", "properties": { "id": 322077655, "nom_obj": "Vialidad", "nom_geo": "Topógrafos", "nom_cono": "N/D", "term_gen": "Calle", "clase_geo": "Servicios e instalaciones", "calif_pos": "Definida", "codigo": 3164.0, "School_count": 0, "schoolscount": 0, "crime_count": 31 }, "geometry": { "type": "MultiLineString", "coordinates": [ [ [ -99.171209249999961, 19.400675600000049 ], [ -99.170417949999944, 19.400420700000048 ] ] ] } },
{ "type": "Feature", "properties": { "id": 322077701, "nom_obj": "Vialidad", "nom_geo": "Cerrada la Paz", "nom_cono": "N/D", "term_gen": "Calle", "clase_geo": "Servicios e instalaciones", "calif_pos": "Definida", "codigo": 3164.0, "School_count": 0, "schoolscount": 0, "crime_count": 18 }, "geometry": { "type": "MultiLineString", "coordinates": [ [ [ -99.182514549999951, 19.403383800000064 ], [ -99.182315099999983, 19.404405750000013 ], [ -99.182061699999963, 19.405620650000078 ] ] ] } },
{ "type": "Feature", "properties": { "id": 322077834, "nom_obj": "Vialidad", "nom_geo": "Arquitectos", "nom_cono": "N/D", "term_gen": "Calle", "clase_geo": "Servicios e instalaciones", "calif_pos": "Definida", "codigo": 3164.0, "School_count": 0, "schoolscount": 0, "crime_count": 17 }, "geometry": { "type": "MultiLineString", "coordinates": [ [ [ -99.1723697, 19.400519900000077 ], [ -99.171688849999953, 19.402231 ] ] ] } },
{ "type": "Feature", "properties": { "id": 322077920, "nom_obj": "Vialidad", "nom_geo": "General Jesús Alonso Flores", "nom_cono": "N/D", "term_gen": "Calle", "clase_geo": "Servicios e instalaciones", "calif_pos": "Definida", "codigo": 3164.0, "School_count": 0, "schoolscount": 0, "crime_count": 20 }, "geometry": { "type": "MultiLineString", "coordinates": [ [ [ -99.197036899999944, 19.405362700000055 ], [ -99.196377749999954, 19.405492900000088 ], [ -99.195956, 19.40558005000004 ], [ -99.195619499999964, 19.405650050000084 ], [ -99.194880849999947, 19.405813250000051 ], [ -99.194347549999975, 19.405941450000075 ], [ -99.193803849999938, 19.406060850000078 ], [ -99.19326314999995, 19.406183150000064 ], [ -99.192282249999948, 19.40639 ] ] ] } },
{ "type": "Feature", "properties": { "id": 322078459, "nom_obj": "Vialidad", "nom_geo": "Gobernador José María Tornel", "nom_cono": "N/D", "term_gen": "Calle", "clase_geo": "Servicios e instalaciones", "calif_pos": "Definida", "codigo": 3164.0, "School_count": 0, "schoolscount": 0, "crime_count": 35 }, "geometry": { "type": "MultiLineString", "coordinates": [ [ [ -99.182575499999984, 19.411511700000059 ], [ -99.183910899999944, 19.41196670000005 ], [ -99.183943749999969, 19.411978550000075 ], [ -99.185001949999958, 19.412361050000076 ], [ -99.185077049999961, 19.412387800000044 ], [ -99.186017749999962, 19.412722650000049 ], [ -99.187044349999965, 19.413088100000063 ] ] ] } }
]
}
